full_path,size_bytes,extension
/cdiac/cdiac.ornl.gov/pub4/LaSelva/1999-09/d2642030.raw.Z,95397,Z
/cdiac/cdiac.ornl.gov/pub4/LaSelva/1999-09/d2650030.raw.Z,73707,Z
/cdiac/cdiac.ornl.gov/pub4/LaSelva/1999-08/d99_227.err.Z,2371,Z
/cdiac/cdiac.ornl.gov/pub2/ndp026c/ship_195112_199712/FEB82O.Z,3797911,Z
/cdiac/cdiac.ornl.gov/pub4/LaSelva/1999-10/d99_290.err.Z,1557,Z
/cdiac/cdiac.ornl.gov/pub2/ndp026c/ship_195112_199712/FEB90O.Z,3599527,Z
/cdiac/cdiac.ornl.gov/pub4/LaSelva/2000-02/d441630.raw.Z,137963,Z
/cdiac/cdiac.ornl.gov/pub4/LaSelva/1999-11/d3282330.raw.Z,36110,Z
/cdiac/cdiac.ornl.gov/pub4/LaSelva/2000-02/d441230.raw.Z,147139,Z
/cdiac/cdiac.ornl.gov/pub4/LaSelva/1999-10/d99_298.nrt.Z,4057,Z
/cdiac/cdiac.ornl.gov/pub4/LaSelva/1999-11/d3290000.raw.Z,35214,Z
/cdiac/cdiac.ornl.gov/pub4/LaSelva/1999-10/d99_289.err.Z,1391,Z
/cdiac/cdiac.ornl.gov/pub4/LaSelva/2000-02/d441330.raw.Z,152490,Z
/cdiac/cdiac.ornl.gov/pub4/LaSelva/2000-01/d241130.raw.Z,150027,Z
/cdiac/cdiac.ornl.gov/pub4/LaSelva/1999-09/d2642300.raw.Z,81403,Z
/cdiac/cdiac.ornl.gov/pub4/LaSelva/1999-09/d2641900.raw.Z,114349,Z
/cdiac/cdiac.ornl.gov/pub8old/oceans/station_p_ca/1976-06cdiac.XLS,186880,XLS
/cdiac/cdiac.ornl.gov/pub8old/pub8/2QC_matlab_toolbox_160725/intprofile.m,2913,m
/cdiac/cdiac.ornl.gov/pub8old/oceans/shore_keeling/table1i.final,1098,final
/cdiac/cdiac.ornl.gov/pub8old/oceans/station_p_ca/2002-02cdiac.XLS,226304,XLS
/cdiac/cdiac.ornl.gov/pub8old/oceans/takasouth/README,367,
/cdiac/cdiac.ornl.gov/pub8old/oceans/takasouth/README~,367,
/cdiac/cdiac.ornl.gov/pub8old/pub8/ALL_CTDS/in2016_v02011Avg.nc,116028,nc
/cdiac/cdiac.ornl.gov/pub8old/pub8/2QC_matlab_toolbox_160725/run_2QC_toolbox_with_GUI.fig,12720,fig
/cdiac/cdiac.ornl.gov/pub8old/oceans/takasouth/kiw8sfc.dat,1237404,dat
/cdiac/cdiac.ornl.gov/pub8old/pub8/SurfaceAlkalinityClimatology/SurfaceAlkalinityClimatology_7.cfg,10974,cfg
/cdiac/cdiac.ornl.gov/pub2/ndp026c/ship_195112_199712/FEB97O.Z,2154976,Z
/cdiac/cdiac.ornl.gov/pub4/LaSelva/2000-01/d250000.raw.Z,117429,Z
/cdiac/cdiac.ornl.gov/pub4/LaSelva/1999-08/d99_228.nrt.Z,2060,Z
/cdiac/cdiac.ornl.gov/pub4/LaSelva/1999-10/d99_296.nrt.Z,1641,Z
/cdiac/cdiac.ornl.gov/pub4/LaSelva/1999-10/d99_289.flx.Z,1402,Z
/cdiac/cdiac.ornl.gov/pub4/LaSelva/2000-02/d441900.raw.Z,110075,Z
/cdiac/cdiac.ornl.gov/pub4/LaSelva/1999-09/d2642230.raw.Z,99679,Z
/cdiac/cdiac.ornl.gov/pub2/ndp026c/ship_195112_199712/FEB93O.Z,2537503,Z
/cdiac/cdiac.ornl.gov/pub4/LaSelva/1999-08/d99_234.flx.Z,1648,Z
/cdiac/cdiac.ornl.gov/pub4/LaSelva/1999-09/d2642200.raw.Z,90661,Z
/cdiac/cdiac.ornl.gov/pub4/LaSelva/2000-01/d241900.raw.Z,112121,Z
/cdiac/cdiac.ornl.gov/pub4/LaSelva/1999-11/d3290230.raw.Z,32953,Z
/cdiac/cdiac.ornl.gov/pub4/LaSelva/1999-09/d2650630.raw.Z,92077,Z
/cdiac/cdiac.ornl.gov/pub4/LaSelva/1999-10/d99_293.flx.Z,1248,Z
/cdiac/cdiac.ornl.gov/pub4/LaSelva/1999-08/d99_235.nrt.Z,4045,Z
/cdiac/cdiac.ornl.gov/pub4/LaSelva/2000-02/d442200.raw.Z,119095,Z
/cdiac/cdiac.ornl.gov/pub4/LaSelva/1999-10/d99_296.flx.Z,1065,Z
/cdiac/cdiac.ornl.gov/pub4/LaSelva/1999-10/d99_292.nrt.Z,4055,Z
/cdiac/cdiac.ornl.gov/pub4/LaSelva/1999-08/d99_235.err.Z,2387,Z
/cdiac/cdiac.ornl.gov/pub4/LaSelva/1999-09/d2650100.raw.Z,66263,Z
/cdiac/cdiac.ornl.gov/pub4/LaSelva/2000-02/d580600.raw.Z,134352,Z
/cdiac/cdiac.ornl.gov/pub4/LaSelva/2000-01/d70800.raw.Z,34277,Z
/cdiac/cdiac.ornl.gov/pub4/LaSelva/2000-02/d580830.raw.Z,129093,Z
/cdiac/cdiac.ornl.gov/pub4/LaSelva/2000-02/d580200.raw.Z,121069,Z
/cdiac/cdiac.ornl.gov/pub8old/__MACOSX/PACIFICAsource/._49FA20010509_hy1.csv,177,csv
/cdiac/cdiac.ornl.gov/pub8old/oceans/Celtic_Explorer/README,430,
/cdiac/cdiac.ornl.gov/pub8old/oceans/Celtic_Explorer/Celtic_Explorer_2006.csv,1429168,csv
/cdiac/cdiac.ornl.gov/pub8old/oceans/Celtic_Explorer/Celtic_Explorer_2006_metadata.html,6285,html
/cdiac/cdiac.ornl.gov/pub8old/oceans/Celtic_Explorer/Celtic_Explorer_2006.xls,1935360,xls
/cdiac/cdiac.ornl.gov/pub8old/oceans/Celtic_Explorer/Celtic_Explorer_2006_Readme.doc,47104,doc
/cdiac/cdiac.ornl.gov/pub8old/oceans/CARIOCA_Drifters/._CARIOCA_2007_01_25932.csv,4096,csv
/cdiac/cdiac.ornl.gov/pub4/LaSelva/2000-02/d580930.raw.Z,152939,Z
/cdiac/cdiac.ornl.gov/pub8old/__MACOSX/PACIFICAsource/._49FA20030625_hy1.csv,177,csv
/cdiac/cdiac.ornl.gov/pub4/LaSelva/2000-02/d580900.raw.Z,128529,Z
/cdiac/cdiac.ornl.gov/pub4/LaSelva/1999-09/d2642330.raw.Z,89019,Z
/cdiac/cdiac.ornl.gov/pub4/LaSelva/1999-08/d99_228.err.Z,1220,Z
/cdiac/cdiac.ornl.gov/pub4/LaSelva/1999-10/d99_290.nrt.Z,2384,Z
/cdiac/cdiac.ornl.gov/pub4/LaSelva/1999-10/d99_294.nrt.Z,4009,Z
/cdiac/cdiac.ornl.gov/pub4/LaSelva/1999-10/d99_294.err.Z,2555,Z
/cdiac/cdiac.ornl.gov/pub4/LaSelva/1999-09/d2650600.raw.Z,77837,Z
/cdiac/cdiac.ornl.gov/pub4/LaSelva/1999-10/d99_293.err.Z,1070,Z
/cdiac/cdiac.ornl.gov/pub4/LaSelva/2000-01/d250430.raw.Z,119731,Z
/cdiac/cdiac.ornl.gov/pub4/LaSelva/1999-11/d3290430.raw.Z,38227,Z
/cdiac/cdiac.ornl.gov/pub4/LaSelva/2000-01/d250300.raw.Z,122339,Z
/cdiac/cdiac.ornl.gov/pub2/ndp026c/ship_195112_199712/NOV64O.Z,3109159,Z
/cdiac/cdiac.ornl.gov/pub8old/CdiacBundles/49RY/49RY19921012_bundle.zip,3710,zip
/cdiac/cdiac.ornl.gov/pub4/LaSelva/2000-02/d500930.raw.Z,133214,Z
/cdiac/cdiac.ornl.gov/pub4/LaSelva/2000-01/d300200.raw.Z,126083,Z
/cdiac/cdiac.ornl.gov/pub4/LaSelva/1999-11/d99_315.err.Z,2462,Z
/cdiac/cdiac.ornl.gov/pub4/LaSelva/1999-09/d2731145.raw.Z,77193,Z
/cdiac/cdiac.ornl.gov/pub4/LaSelva/2000-02/d500530.raw.Z,78215,Z
/cdiac/cdiac.ornl.gov/pub4/LaSelva/2000-01/d300330.raw.Z,112865,Z
/cdiac/cdiac.ornl.gov/pub4/LaSelva/1999-09/d2730730.raw.Z,44276,Z
/cdiac/cdiac.ornl.gov/pub2/ndp026c/ship_195112_199712/NOV66O.Z,4026859,Z
/cdiac/cdiac.ornl.gov/pub8old/oceans/station_p_ca/1980-OS01cdiac.XLS,210432,XLS
/cdiac/cdiac.ornl.gov2/pub3/ndp026c/land_197101_197704/AUG76L.Z,20065475,Z
/cdiac/cdiac.ornl.gov/pub8old/oceans/station_p_ca/1980-03cdiac.XLS,419328,XLS
/cdiac/cdiac.ornl.gov/pub8old/oceans/shore_keeling/table2h.final,749,final
/cdiac/cdiac.ornl.gov/pub8old/oceans/station_p_ca/1982-04cdiac.XLS,174080,XLS
/cdiac/cdiac.ornl.gov/pub8old/oceans/shore_keeling/table2k.final,1070,final
/cdiac/cdiac.ornl.gov/pub8old/oceans/shore_keeling/table2m.final,1093,final
/cdiac/cdiac.ornl.gov/pub8old/oceans/shore_keeling/table2l.final,1112,final
/cdiac/cdiac.ornl.gov/pub8old/oceans/shore_keeling/table4a.final,28115,final
/cdiac/cdiac.ornl.gov/pub8old/pub8/SurfaceAlkalinityClimatology/SurfaceAlkalinityClimatology_10.cfg,10974,cfg
/cdiac/cdiac.ornl.gov/pub2/ndp026c/ship_195112_199712/JAN54O.Z,1759907,Z
/cdiac/cdiac.ornl.gov/pub4/LaSelva/2000-01/d251700.raw.Z,30720,Z
/cdiac/cdiac.ornl.gov/pub4/LaSelva/2000-02/d450730.raw.Z,125229,Z
/cdiac/cdiac.ornl.gov/pub4/LaSelva/2000-02/d450230.raw.Z,91037,Z
/cdiac/cdiac.ornl.gov/pub4/LaSelva/1999-08/d99_237.nrt.Z,3968,Z
/cdiac/cdiac.ornl.gov/pub4/LaSelva/1999-09/d2651130.raw.Z,108331,Z
/cdiac/cdiac.ornl.gov/pub4/LaSelva/1999-08/d99_241.flx.Z,2576,Z
/cdiac/cdiac.ornl.gov/pub4/LaSelva/1999-09/d2650500.raw.Z,82281,Z
/cdiac/cdiac.ornl.gov/pub4/LaSelva/1999-11/d3291000.raw.Z,43010,Z
/cdiac/cdiac.ornl.gov/pub4/LaSelva/1999-08/d99_240.err.Z,2345,Z
/cdiac/cdiac.ornl.gov/pub2/ndp026c/ship_195112_199712/JAN56O.Z,1830621,Z
/cdiac/cdiac.ornl.gov/pub4/LaSelva/2000-01/d242230.raw.Z,112301,Z
/cdiac/cdiac.ornl.gov/pub4/LaSelva/2000-01/d250230.raw.Z,106291,Z
/cdiac/cdiac.ornl.gov/pub4/LaSelva/1999-08/d99_236.err.Z,1134,Z
/cdiac/cdiac.ornl.gov/pub4/LaSelva/1999-08/d99_239.nrt.Z,1766,Z
/cdiac/cdiac.ornl.gov/pub4/LaSelva/2000-01/d250200.raw.Z,88891,Z
/cdiac/cdiac.ornl.gov/pub4/LaSelva/1999-11/d3291130.raw.Z,40327,Z
/cdiac/cdiac.ornl.gov/pub4/LaSelva/2000-01/d250130.raw.Z,103693,Z
/cdiac/cdiac.ornl.gov/pub2/ndp026c/ship_195112_199712/JAN55O.Z,1871789,Z
/cdiac/cdiac.ornl.gov/pub2/ndp026c/ship_195112_199712/JAN61O.Z,2476607,Z
/cdiac/cdiac.ornl.gov/pub4/LaSelva/1999-09/d2722100.raw.Z,34451,Z
/cdiac/cdiac.ornl.gov/pub2/ndp026c/ship_195112_199712/MAY72O.Z,3454735,Z
/cdiac/cdiac.ornl.gov/pub4/LaSelva/1999-09/d2721930.raw.Z,32396,Z
/cdiac/cdiac.ornl.gov/pub4/LaSelva/2000-01/d290600.raw.Z,97875,Z
/cdiac/cdiac.ornl.gov/pub4/LaSelva/1999-11/d3332030.raw.Z,103369,Z
/cdiac/cdiac.ornl.gov/pub8old/CdiacBundles/33WA/33WA20131008_bundle.zip,92586,zip
/cdiac/cdiac.ornl.gov/pub4/LaSelva/2000-02/d490930.raw.Z,140137,Z
/cdiac/cdiac.ornl.gov/pub4/LaSelva/1999-09/d2721300.raw.Z,38495,Z
/cdiac/cdiac.ornl.gov/pub2/ndp026c/ship_195112_199712/MAY70O.Z,3753139,Z
/cdiac/cdiac.ornl.gov/pub4/LaSelva/1999-09/d2721600.raw.Z,34667,Z
/cdiac/cdiac.ornl.gov/pub4/LaSelva/2000-01/d290830.raw.Z,139703,Z
/cdiac/cdiac.ornl.gov/pub4/LaSelva/2000-02/d491200.raw.Z,157253,Z
/cdiac/cdiac.ornl.gov/pub4/LaSelva/2000-02/d491730.raw.Z,142225,Z
/cdiac/cdiac.ornl.gov/pub8old/CdiacBundles/33WA/33WA20150526_bundle.zip,99295,zip
/cdiac/cdiac.ornl.gov/pub4/LaSelva/2000-02/d500200.raw.Z,107381,Z
/cdiac/cdiac.ornl.gov/pub4/LaSelva/1999-09/d2721330.raw.Z,36273,Z
/cdiac/cdiac.ornl.gov/pub8old/CdiacBundles/33WA/33WA20141019_bundle.zip,241879,zip
/cdiac/cdiac.ornl.gov/pub4/LaSelva/1999-11/d3340530.raw.Z,46998,Z
/cdiac/cdiac.ornl.gov/pub4/LaSelva/1999-11/d3340300.raw.Z,38372,Z
/cdiac/cdiac.ornl.gov/pub4/LaSelva/1999-11/d3340130.raw.Z,45003,Z
/cdiac/cdiac.ornl.gov/pub4/LaSelva/1999-09/d2730500.raw.Z,37329,Z
/cdiac/cdiac.ornl.gov/pub4/LaSelva/1999-11/d3340600.raw.Z,43224,Z
/cdiac/cdiac.ornl.gov/pub4/LaSelva/1999-09/d2721630.raw.Z,29117,Z
/cdiac/cdiac.ornl.gov/pub4/LaSelva/2000-02/d500000.raw.Z,113477,Z
/cdiac/cdiac.ornl.gov/pub4/LaSelva/1999-11/d3340430.raw.Z,32782,Z
/cdiac/cdiac.ornl.gov/pub8old/CdiacBundles/35MJ/35MJ20150226_bundle.zip,171698,zip
/cdiac/cdiac.ornl.gov/pub8old/CdiacBundles/35MJ/35MJ20150607_bundle.zip,197510,zip
/cdiac/cdiac.ornl.gov/pub8old/CdiacBundles/35MJ/35MJ20141025_bundle.zip,198847,zip
/cdiac/cdiac.ornl.gov/pub8old/CdiacBundles/35MJ/35MJ20140718_bundle.zip,324479,zip
/cdiac/cdiac.ornl.gov/pub8old/CdiacBundles/35MJ/35MJ20140912_bundle.zip,190965,zip
/cdiac/cdiac.ornl.gov/pub8old/CdiacBundles/35MJ/35MJ20150312_bundle.zip,193551,zip
/cdiac/cdiac.ornl.gov/pub8old/CdiacBundles/35MJ/35MJ20140704_bundle.zip,174183,zip
/cdiac/cdiac.ornl.gov/pub8old/CdiacBundles/35MJ/35MJ20140827_bundle.zip,145614,zip
/cdiac/cdiac.ornl.gov/pub8old/CdiacBundles/35MJ/35MJ20150526_bundle.zip,148890,zip
/cdiac/cdiac.ornl.gov/pub4/LaSelva/1999-09/d2730400.raw.Z,36720,Z
/cdiac/cdiac.ornl.gov/pub4/LaSelva/2000-02/d492100.raw.Z,92581,Z
/cdiac/cdiac.ornl.gov/pub4/LaSelva/1999-11/d3340830.raw.Z,32938,Z
/cdiac/cdiac.ornl.gov/pub4/LaSelva/1999-11/d3340800.raw.Z,40353,Z
/cdiac/cdiac.ornl.gov/pub8old/pub8/Hydrochem_data/in2016_v02Hydro029.nc,16376,nc
/cdiac/cdiac.ornl.gov/pub8old/oceans/station_p_ca/1998-03cdiac.XLS,892416,XLS
/cdiac/cdiac.ornl.gov/pub8old/pub8/ALL_CTDS/in2016_v02039Avg.nc,40364,nc
/cdiac/cdiac.ornl.gov/pub8old/oceans/station_p_ca/1988-01cdiac.XLS,252928,XLS
/cdiac/cdiac.ornl.gov/pub8old/pub8/Hydrochem_data/.DS_Store,6148,DS_Store
/cdiac/cdiac.ornl.gov/pub8old/oceans/shore_keeling/table5b.final,9177,final
/cdiac/cdiac.ornl.gov/pub8old/oceans/station_p_ca/1989-45Ncdiac.XLS,373248,XLS
/cdiac/cdiac.ornl.gov/pub9/ndp026c/land_197101_197704/AUG73L.Z,14758599,Z
/cdiac/cdiac.ornl.gov/pub8old/pub8/Hydrochem_data/in2016_v02Hydro008.nc.csv,8434,csv
/cdiac/cdiac.ornl.gov/pub9/ndp026c/land_197101_197704/FEB76L.Z,18705067,Z
/cdiac/cdiac.ornl.gov/pub2/ndp026c/ship_195112_199712/MAY87O.Z,4376129,Z
/cdiac/cdiac.ornl.gov/pub4/LaSelva/1999-09/d2730100.raw.Z,43863,Z
/cdiac/cdiac.ornl.gov/pub8old/CdiacBundles/33WA/33WA20150921_bundle.zip,161224,zip
/cdiac/cdiac.ornl.gov/pub4/LaSelva/1999-09/d2731100.raw.Z,7771,Z
/cdiac/cdiac.ornl.gov/pub4/LaSelva/2000-02/d500100.raw.Z,119297,Z
/cdiac/cdiac.ornl.gov/pub4/LaSelva/1999-11/d99_304.err.Z,2581,Z
/cdiac/cdiac.ornl.gov/pub2/ndp026c/ship_195112_199712/NOV54O.Z,1746619,Z
/cdiac/cdiac.ornl.gov/pub4/LaSelva/2000-01/d300130.raw.Z,124029,Z
/cdiac/cdiac.ornl.gov/pub4/LaSelva/1999-09/d2730230.raw.Z,42446,Z
/cdiac/cdiac.ornl.gov/pub2/ndp026c/ship_195112_199712/NOV53O.Z,1796200,Z
/cdiac/cdiac.ornl.gov/pub8old/CdiacBundles/49RY/49RY19940504_bundle.zip,5545,zip
/cdiac/cdiac.ornl.gov/pub4/LaSelva/1999-11/d99_313.nrt.Z,3986,Z
/cdiac/cdiac.ornl.gov/pub8old/CdiacBundles/49UF/49UF20040120_bundle.zip,44044,zip
/cdiac/cdiac.ornl.gov/pub4/LaSelva/2000-01/d300730.raw.Z,110585,Z
/cdiac/cdiac.ornl.gov/pub4/LaSelva/1999-11/d99_318.flx.Z,2360,Z
/cdiac/cdiac.ornl.gov/pub4/LaSelva/1999-09/d2730930.raw.Z,39110,Z
/cdiac/cdiac.ornl.gov/pub4/LaSelva/1999-09/d2731830.raw.Z,105565,Z
/cdiac/cdiac.ornl.gov/pub4/LaSelva/2000-01/d30130.raw.Z,102525,Z
/cdiac/cdiac.ornl.gov/pub2/ndp026c/ship_195112_199712/NOV73O.Z,3265433,Z
/cdiac/cdiac.ornl.gov/pub4/LaSelva/1999-09/d2731530.raw.Z,108813,Z
/cdiac/cdiac.ornl.gov/pub4/LaSelva/2000-02/d500130.raw.Z,106001,Z
/cdiac/cdiac.ornl.gov/pub8old/CdiacBundles/49UF/49UF20010509_bundle.zip,33405,zip
/cdiac/cdiac.ornl.gov/pub2/ndp026c/ship_195112_199712/NOV59O.Z,2510965,Z
/cdiac/cdiac.ornl.gov/pub4/LaSelva/2000-01/d300230.raw.Z,108009,Z
/cdiac/cdiac.ornl.gov/pub4/LaSelva/2000-01/d300630.raw.Z,106621,Z
/cdiac/cdiac.ornl.gov/pub8old/CdiacBundles/49RY/49RY19910607_bundle.zip,11939,zip
/cdiac/cdiac.ornl.gov/pub4/LaSelva/2000-02/d501100.raw.Z,150462,Z
/cdiac/cdiac.ornl.gov/pub4/LaSelva/1999-11/d99_308.nrt.Z,491,Z
/cdiac/cdiac.ornl.gov/pub8old/CdiacBundles/49UF/49UF20020426_bundle.zip,38282,zip
/cdiac/cdiac.ornl.gov/pub4/LaSelva/1999-09/d2730430.raw.Z,37700,Z
/cdiac/cdiac.ornl.gov/pub8old/pub8/Hydrochem_data/in2016_v02Hydro030.nc,16384,nc
/cdiac/cdiac.ornl.gov/pub8old/pub8/Hydrochem_data/in2016_v02Hydro020.nc,16376,nc
/cdiac/cdiac.ornl.gov/pub9/ndp026c/land_197101_197704/APR77L.Z,23011489,Z
/cdiac/cdiac.ornl.gov/pub8old/pub8/Hydrochem_data/in2016_v02Hydro035.nc,16372,nc
/cdiac/cdiac.ornl.gov/pub8old/pub8/Hydrochem_data/in2016_v02Hydro040.nc,16384,nc
/cdiac/cdiac.ornl.gov/pub9/ndp026c/land_197101_197704/DEC74L.Z,23764315,Z
/cdiac/cdiac.ornl.gov/pub9/ndp026c/land_199203_199612/AUG94L.Z,27969252,Z
/cdiac/cdiac.ornl.gov2/pub3/ndp026c/land_197705_198210/APR81L.Z,27047308,Z
/cdiac/cdiac.ornl.gov/pub9/ndp026c/land_197101_197704/AUG75L.Z,22124173,Z
/cdiac/cdiac.ornl.gov2/pub3/ndp026c/land_197705_198210/DEC81L.Z,28343028,Z
/cdiac/cdiac.ornl.gov/pub4/LaSelva/1999-10/d99_298.flx.Z,2656,Z
/cdiac/cdiac.ornl.gov/pub4/LaSelva/1999-08/d99x_239.flx.Z,1689,Z
/cdiac/cdiac.ornl.gov/pub4/LaSelva/1999-08/d99_239.err.Z,1101,Z
/cdiac/cdiac.ornl.gov/pub4/LaSelva/1999-09/d2650800.raw.Z,101837,Z
/cdiac/cdiac.ornl.gov/pub4/LaSelva/1999-08/d99_240.nrt.Z,4051,Z
/cdiac/cdiac.ornl.gov/pub2/ndp026c/ship_195112_199712/JAN63O.Z,1981723,Z
/cdiac/cdiac.ornl.gov/pub4/LaSelva/2000-02/d460400.raw.Z,132781,Z
/cdiac/cdiac.ornl.gov/pub4/LaSelva/2000-01/d250600.raw.Z,101987,Z
/cdiac/cdiac.ornl.gov/pub4/LaSelva/2000-02/d451230.raw.Z,159423,Z
/cdiac/cdiac.ornl.gov/pub4/LaSelva/2000-01/d250730.raw.Z,112455,Z
/cdiac/cdiac.ornl.gov/pub4/LaSelva/2000-01/d250830.raw.Z,114039,Z
/cdiac/cdiac.ornl.gov/pub4/LaSelva/1999-10/d99_301.err.Z,605,Z
/cdiac/cdiac.ornl.gov/pub4/LaSelva/1999-08/d99_242.flx.Z,1563,Z
/cdiac/cdiac.ornl.gov/pub4/LaSelva/2000-02/d451400.raw.Z,153176,Z
/cdiac/cdiac.ornl.gov/pub4/LaSelva/1999-09/d2651100.raw.Z,106417,Z
/cdiac/cdiac.ornl.gov/pub4/LaSelva/1999-09/d2660330.raw.Z,70605,Z
/cdiac/cdiac.ornl.gov/pub4/LaSelva/1999-09/d2651330.raw.Z,105355,Z
/cdiac/cdiac.ornl.gov/pub4/LaSelva/1999-08/d99_243.err.Z,1074,Z
/cdiac/cdiac.ornl.gov/pub4/LaSelva/2000-01/d251000.raw.Z,33564,Z
/cdiac/cdiac.ornl.gov/pub2/ndp026c/ship_195112_199712/JAN81O.Z,4123211,Z
/cdiac/cdiac.ornl.gov/pub8old/oceans/CARIOCA_Drifters/CARIOCA_2006_01_13060.csv,864795,csv
/cdiac/cdiac.ornl.gov/pub8old/oceans/CARIOCA_Drifters/CARIOCA_2004_03_01110.csv,813664,csv
/cdiac/cdiac.ornl.gov/pub8old/oceans/CARIOCA_Drifters/._README,4096,_README
/cdiac/cdiac.ornl.gov/pub4/LaSelva/2000-01/d71700.raw.Z,97365,Z
/cdiac/cdiac.ornl.gov/pub8old/__MACOSX/PACIFICAsource/._49FA20050419_hy1.csv,177,csv
/cdiac/cdiac.ornl.gov/pub4/LaSelva/2000-01/d80200.raw.Z,106931,Z
/cdiac/cdiac.ornl.gov/pub4/LaSelva/2000-01/d71830.raw.Z,96675,Z
/cdiac/cdiac.ornl.gov/pub8old/__MACOSX/PACIFICAsource/._49H520030115_hy1.csv,177,csv
/cdiac/cdiac.ornl.gov/pub8old/__MACOSX/PACIFICAsource/._49FA20060614_hy1.csv,177,csv
/cdiac/cdiac.ornl.gov/pub4/LaSelva/2000-02/d590030.raw.Z,155065,Z
/cdiac/cdiac.ornl.gov/pub4/LaSelva/2000-01/d301200.raw.Z,151181,Z
/cdiac/cdiac.ornl.gov/pub4/LaSelva/1999-11/d99_318.err.Z,2088,Z
/cdiac/cdiac.ornl.gov/pub4/LaSelva/2000-02/d501830.raw.Z,98233,Z
/cdiac/cdiac.ornl.gov/pub2/ndp026c/ship_195112_199712/NOV70O.Z,3644405,Z
/cdiac/cdiac.ornl.gov/pub4/LaSelva/1999-11/d99_316.flx.Z,1257,Z
/cdiac/cdiac.ornl.gov/pub4/LaSelva/1999-09/d2732200.raw.Z,119205,Z
/cdiac/cdiac.ornl.gov/pub8old/CdiacBundles/49UP/49UP19970913_bundle.zip,18517,zip
/cdiac/cdiac.ornl.gov/pub4/LaSelva/1999-11/d99_317.flx.Z,2636,Z
/cdiac/cdiac.ornl.gov/pub2/ndp026c/ship_195112_199712/NOV79O.Z,3786386,Z
/cdiac/cdiac.ornl.gov/pub4/LaSelva/2000-02/d501630.raw.Z,136788,Z
/cdiac/cdiac.ornl.gov/pub4/LaSelva/1999-08/d99_238.flx.Z,1172,Z
/cdiac/cdiac.ornl.gov/pub4/LaSelva/1999-11/d3290930.raw.Z,43406,Z
/cdiac/cdiac.ornl.gov/pub4/LaSelva/1999-11/d3291230.raw.Z,41133,Z
/cdiac/cdiac.ornl.gov/pub4/LaSelva/1999-08/d99x_236.flx.Z,1597,Z
/cdiac/cdiac.ornl.gov/pub4/LaSelva/1999-11/d3291300.raw.Z,39937,Z
/cdiac/cdiac.ornl.gov/pub4/LaSelva/1999-08/d99_238.nrt.Z,1796,Z
/cdiac/cdiac.ornl.gov/pub6/ameriflux/data/readme_levels,3581,
/cdiac/cdiac.ornl.gov/pub6/ameriflux/data/dario_22dec2011.tar,2282219520,tar
/cdiac/cdiac.ornl.gov/pub6/ameriflux/data/HEADER,1358,
/cdiac/cdiac.ornl.gov/pub6/ameriflux/data/ReadMe_First_AmeriFlux_Fair_Use_Policy.txt,1163,txt
/cdiac/cdiac.ornl.gov/pub6/ameriflux/data/dario_15apr2013.tar,2879764480,tar
/cdiac/cdiac.ornl.gov/pub4/LaSelva/2000-02/d450600.raw.Z,155345,Z
/cdiac/cdiac.ornl.gov/pub4/LaSelva/2000-02/d451000.raw.Z,9311,Z
/cdiac/cdiac.ornl.gov/pub4/LaSelva/2000-02/d450830.raw.Z,148653,Z
/cdiac/cdiac.ornl.gov/pub4/LaSelva/2000-02/d451430.raw.Z,153133,Z
/cdiac/cdiac.ornl.gov/pub4/LaSelva/2000-01/d251130.raw.Z,46322,Z
/cdiac/cdiac.ornl.gov/pub4/LaSelva/2000-02/d451930.raw.Z,113617,Z
/cdiac/cdiac.ornl.gov/pub4/LaSelva/2000-01/d251230.raw.Z,46121,Z
/cdiac/cdiac.ornl.gov/pub4/LaSelva/2000-01/d251930.raw.Z,34166,Z
/cdiac/cdiac.ornl.gov/pub4/LaSelva/1999-11/d3292100.raw.Z,30798,Z
/cdiac/cdiac.ornl.gov/pub4/LaSelva/1999-08/d99_243.flx.Z,1094,Z
/cdiac/cdiac.ornl.gov/pub4/LaSelva/1999-09/d2651700.raw.Z,104951,Z
/cdiac/cdiac.ornl.gov/pub4/LaSelva/1999-11/d3292030.raw.Z,32733,Z
/cdiac/cdiac.ornl.gov/pub4/LaSelva/2000-01/d251430.raw.Z,38280,Z
/cdiac/cdiac.ornl.gov/pub4/LaSelva/2000-01/d300300.raw.Z,97353,Z
/cdiac/cdiac.ornl.gov/pub4/LaSelva/2000-02/d500900.raw.Z,125803,Z
/cdiac/cdiac.ornl.gov/pub2/ndp026c/ship_195112_199712/NOV55O.Z,1882989,Z
/cdiac/cdiac.ornl.gov/pub4/LaSelva/1999-09/d2731109.raw.Z,563,Z
/cdiac/cdiac.ornl.gov/pub4/LaSelva/2000-01/d30100.raw.Z,106723,Z
/cdiac/cdiac.ornl.gov/pub4/LaSelva/1999-11/d99_310.nrt.Z,263,Z
/cdiac/cdiac.ornl.gov/pub4/LaSelva/2000-02/d500600.raw.Z,37592,Z
/cdiac/cdiac.ornl.gov/pub8old/CdiacBundles/49UF/49UF20020625_bundle.zip,37690,zip
/cdiac/cdiac.ornl.gov/pub8old/CdiacBundles/49UF/49UF20040421_bundle.zip,25984,zip
/cdiac/cdiac.ornl.gov/pub2/ndp026c/ship_195112_199712/NOV63O.Z,2204516,Z
/cdiac/cdiac.ornl.gov/pub4/LaSelva/1999-10/d99_299.flx.Z,1055,Z
/cdiac/cdiac.ornl.gov/pub4/LaSelva/1999-08/d99_239.flx.Z,1187,Z
/cdiac/cdiac.ornl.gov/pub4/LaSelva/1999-09/d2650730.raw.Z,92355,Z
/cdiac/cdiac.ornl.gov/pub4/LaSelva/2000-01/d250949.raw.Z,10499,Z
/cdiac/cdiac.ornl.gov/pub4/LaSelva/1999-10/d99x_291.err.Z,1461,Z
/cdiac/cdiac.ornl.gov/pub4/LaSelva/1999-09/d2650900.raw.Z,102541,Z
/cdiac/cdiac.ornl.gov/pub4/LaSelva/1999-11/d3291430.raw.Z,38625,Z
/cdiac/cdiac.ornl.gov/pub4/LaSelva/2000-02/d450930.raw.Z,158390,Z
/cdiac/cdiac.ornl.gov/pub4/LaSelva/1999-11/d3291530.raw.Z,36948,Z
/cdiac/cdiac.ornl.gov/pub4/LaSelva/1999-10/d99_299.nrt.Z,1556,Z
/cdiac/cdiac.ornl.gov/pub9/ndp026c/land_199203_199612/JAN96L.Z,30616127,Z
/cdiac/cdiac.ornl.gov/pub9/ndp026c/land_199203_199612/DEC96L.Z,30159689,Z
/cdiac/cdiac.ornl.gov/pub9/ndp026c/land_197101_197704/JUL73L.Z,23294325,Z
/cdiac/cdiac.ornl.gov/pub8old/pub8/Hydrochem_data/nc2csv.py,780,py
/cdiac/cdiac.ornl.gov2/pub3/ndp026c/land_197705_198210/APR79L.Z,27561105,Z
/cdiac/cdiac.ornl.gov/pub8old/pub8/PACIFICAsource/18DD19920203_hy1.csv,28662,csv
/cdiac/cdiac.ornl.gov/pub9/ndp026c/land_197101_197704/FEB75L.Z,17070171,Z
/cdiac/cdiac.ornl.gov2/pub3/ndp026c/land_197101_197704/FEB73L.Z,20192039,Z
/cdiac/cdiac.ornl.gov/pub9/ndp026c/land_197101_197704/JAN72L.Z,20850581,Z
/cdiac/cdiac.ornl.gov/pub9/ndp026c/land_197101_197704/JAN73L.Z,22014773,Z
/cdiac/cdiac.ornl.gov/pub4/LaSelva/2000-01/d251400.raw.Z,43067,Z
/cdiac/cdiac.ornl.gov/pub2/ndp026c/ship_195112_199712/JAN90O.Z,3668207,Z
/cdiac/cdiac.ornl.gov/pub4/LaSelva/1999-11/d3301128.raw.Z,10111,Z
/cdiac/cdiac.ornl.gov/pub4/LaSelva/2000-01/d251730.raw.Z,34833,Z
/cdiac/cdiac.ornl.gov/pub4/LaSelva/1999-10/d99x_291.nrt.Z,2304,Z
/cdiac/cdiac.ornl.gov/pub2/ndp026c/ship_195112_199712/JUL87O.Z,4384367,Z
/cdiac/cdiac.ornl.gov/pub8old/CdiacBundles/06AQ/06AQ20140805_bundle.zip,1904985,zip
/cdiac/cdiac.ornl.gov/pub4/LaSelva/1999-09/d2652000.raw.Z,95777,Z
/cdiac/cdiac.ornl.gov/pub4/LaSelva/1999-09/d2660030.raw.Z,89253,Z
/cdiac/cdiac.ornl.gov/pub2/ndp026c/ship_195112_199712/JAN89O.Z,3347997,Z
/cdiac/cdiac.ornl.gov/pub4/LaSelva/2000-02/d581200.raw.Z,153824,Z
/cdiac/cdiac.ornl.gov/pub8old/__MACOSX/PACIFICAsource/._49H520030701_hy1.csv,177,csv
/cdiac/cdiac.ornl.gov/pub4/LaSelva/2000-01/d81000.raw.Z,140328,Z
/cdiac/cdiac.ornl.gov/pub8old/__MACOSX/PACIFICAsource/._49H520021001_hy1.csv,177,csv
/cdiac/cdiac.ornl.gov/pub8old/__MACOSX/PACIFICAsource/._49H520020510_hy1.csv,177,csv
/cdiac/cdiac.ornl.gov/pub8old/oceans/CARIOCA_Drifters/CARIOCA_2006_11_30384.csv,409323,csv
/cdiac/cdiac.ornl.gov/pub4/LaSelva/2000-02/d581900.raw.Z,117497,Z
/cdiac/cdiac.ornl.gov/pub4/LaSelva/2000-02/d581500.raw.Z,131891,Z
/cdiac/cdiac.ornl.gov/pub4/LaSelva/2000-01/d72230.raw.Z,82269,Z
/cdiac/cdiac.ornl.gov/pub4/LaSelva/2000-02/d581430.raw.Z,135672,Z
/cdiac/cdiac.ornl.gov/pub2/ndp026c/ship_195112_199712/NOV86O.Z,3884303,Z
/cdiac/cdiac.ornl.gov/pub4/LaSelva/1999-09/d2730900.raw.Z,38803,Z
/cdiac/cdiac.ornl.gov/pub8old/CdiacBundles/49UF/49UF20050118_bundle.zip,43065,zip
/cdiac/cdiac.ornl.gov/pub2/ndp026c/ship_195112_199712/NOV74O.Z,3339439,Z
/cdiac/cdiac.ornl.gov/pub8old/CdiacBundles/49UF/49UF20090610_bundle.zip,61720,zip
/cdiac/cdiac.ornl.gov/pub4/LaSelva/1999-11/d99_317.err.Z,2558,Z
/cdiac/cdiac.ornl.gov/pub8old/CdiacBundles/49UP/49UP19950716_bundle.zip,9488,zip
/cdiac/cdiac.ornl.gov/pub2/ndp026c/ship_195112_199712/NOV67O.Z,4619307,Z
/cdiac/cdiac.ornl.gov/pub8old/CdiacBundles/49UP/49UP19950831_bundle.zip,11544,zip
/cdiac/cdiac.ornl.gov/pub8old/CdiacBundles/49UF/49UF20080117_bundle.zip,55644,zip
/cdiac/cdiac.ornl.gov/pub2/ndp026c/ship_195112_199712/NOV81O.Z,4167949,Z
/cdiac/cdiac.ornl.gov/pub4/LaSelva/2000-01/d301730.raw.Z,130224,Z
/cdiac/cdiac.ornl.gov/pub8old/CdiacBundles/49UP/49UP19980427_bundle.zip,8140,zip
/cdiac/cdiac.ornl.gov/pub8old/CdiacBundles/49WA/49WA20150711_bundle.zip,346970,zip
/cdiac/cdiac.ornl.gov/pub8old/CdiacBundles/49WA/49WA20150930_bundle.zip,344226,zip
/cdiac/cdiac.ornl.gov/pub8old/CdiacBundles/49WA/49WA20150729_bundle.zip,257826,zip
/cdiac/cdiac.ornl.gov/pub8old/CdiacBundles/49WA/49WA20141127_bundle.zip,157341,zip
/cdiac/cdiac.ornl.gov/pub8old/CdiacBundles/49WA/49WA20150630_bundle.zip,196354,zip
/cdiac/cdiac.ornl.gov/pub8old/CdiacBundles/49UF/49UF20080422_bundle.zip,26250,zip
/cdiac/cdiac.ornl.gov/pub2/ndp026c/ship_195112_199712/NOV84O.Z,4406213,Z
/cdiac/cdiac.ornl.gov/pub2/ndp026c/ship_195112_199712/NOV91O.Z,2840185,Z
/cdiac/cdiac.ornl.gov/pub8old/CdiacBundles/49UF/49UF20110617_bundle.zip,54452,zip
/cdiac/cdiac.ornl.gov/pub4/LaSelva/2000-01/d301700.raw.Z,137557,Z
/cdiac/cdiac.ornl.gov/pub4/LaSelva/1999-11/d99_324.err.Z,2383,Z
/cdiac/cdiac.ornl.gov/pub4/LaSelva/2000-01/d80330.raw.Z,38801,Z
/cdiac/cdiac.ornl.gov/pub4/LaSelva/2000-01/d80130.raw.Z,99041,Z
/cdiac/cdiac.ornl.gov/pub8old/oceans/HCMR_Aegean_Sea/HCMR-Aegean_Sea-February_2006.xls,54272,xls
/cdiac/cdiac.ornl.gov/pub8old/oceans/HCMR_Aegean_Sea/README~,406,
/cdiac/cdiac.ornl.gov/pub8old/oceans/HCMR_Aegean_Sea/README,406,
/cdiac/cdiac.ornl.gov/pub8old/oceans/HCMR_Aegean_Sea/HCMR-Aegean_Sea-February_2006August-22-09-04-54-56-AM.html,6736,html
/cdiac/cdiac.ornl.gov/pub8old/oceans/HCMR_Aegean_Sea/CSR-2009_KRASAKOPOULOU_ET_AL.pdf,931886,pdf
/cdiac/cdiac.ornl.gov/pub8old/oceans/ECOA_France/._readme.txt,4096,txt
/cdiac/cdiac.ornl.gov/pub4/LaSelva/2000-02/d582030.raw.Z,87871,Z
/cdiac/cdiac.ornl.gov/pub8old/oceans/ECOA_France/ecoaprlv05.csv,9360,csv
/cdiac/cdiac.ornl.gov/pub8old/oceans/ECOA_France/ecoapco204.csv,88360,csv
/cdiac/cdiac.ornl.gov/pub4/LaSelva/2000-01/d80430.raw.Z,48750,Z
/cdiac/cdiac.ornl.gov/pub8old/oceans/Discovery_Coast_2014/74EQ20140320.csv,326963,csv
/cdiac/cdiac.ornl.gov/pub4/LaSelva/2000-02/d602230.raw.Z,111835,Z
/cdiac/cdiac.ornl.gov/pub4/LaSelva/2000-02/d501930.raw.Z,109921,Z
/cdiac/cdiac.ornl.gov/pub4/LaSelva/2000-02/d510030.raw.Z,137413,Z
/cdiac/cdiac.ornl.gov/pub4/LaSelva/1999-09/d99_248.nrt.Z,4003,Z
/cdiac/cdiac.ornl.gov/pub4/LaSelva/1999-09/d2732230.raw.Z,104053,Z
/cdiac/cdiac.ornl.gov/pub4/LaSelva/2000-02/d502130.raw.Z,124771,Z
/cdiac/cdiac.ornl.gov/pub8old/CdiacBundles/49UF/49UF20090422_bundle.zip,25861,zip
/cdiac/cdiac.ornl.gov/pub4/LaSelva/1999-11/d99_324.nrt.Z,4015,Z
/cdiac/cdiac.ornl.gov/pub4/LaSelva/1999-11/d99_323.nrt.Z,1420,Z
/cdiac/cdiac.ornl.gov/pub4/LaSelva/2000-02/d510230.raw.Z,121089,Z
/cdiac/cdiac.ornl.gov/pub8old/CdiacBundles/49UP/49UP20000921_bundle.zip,48611,zip
/cdiac/cdiac.ornl.gov/pub4/LaSelva/2000-02/d590200.raw.Z,118317,Z
/cdiac/cdiac.ornl.gov/pub8old/oceans/Discovery_Coast_2014/74EQ20141027_PI_OME.xml,8972,xml
/cdiac/cdiac.ornl.gov/pub4/LaSelva/2000-02/d582000.raw.Z,101895,Z
/cdiac/cdiac.ornl.gov/pub8old/__MACOSX/PACIFICAsource/._49HG19971110_hy1.csv,177,csv
/cdiac/cdiac.ornl.gov/pub4/LaSelva/2000-02/d582130.raw.Z,85923,Z
/cdiac/cdiac.ornl.gov/pub4/LaSelva/2000-01/d81930.raw.Z,138482,Z
/cdiac/cdiac.ornl.gov/pub4/LaSelva/2000-02/d591000.raw.Z,155014,Z
/cdiac/cdiac.ornl.gov/pub8old/oceans/GLODAP_Gridded_Data/pCFC12.tar.Z,24923905,Z
/cdiac/cdiac.ornl.gov/pub8old/__MACOSX/PACIFICAsource/._49NZ19971111_hy1.csv,177,csv
/cdiac/cdiac.ornl.gov/pub8old/oceans/ECOA_France/ecoaprlv18.csv,9719,csv
/cdiac/cdiac.ornl.gov/pub2/ndp026c/ship_195112_199712/NOV77O.Z,3265847,Z
/cdiac/cdiac.ornl.gov/pub4/LaSelva/1999-09/d2731243.raw.Z,85265,Z
/cdiac/cdiac.ornl.gov/pub4/LaSelva/1999-09/d2731230.raw.Z,62575,Z
/cdiac/cdiac.ornl.gov/pub4/LaSelva/1999-09/d2731800.raw.Z,107979,Z
/cdiac/cdiac.ornl.gov/pub2/ndp026c/ship_195112_199712/NOV72O.Z,3364823,Z
/cdiac/cdiac.ornl.gov/pub4/LaSelva/2000-02/d501530.raw.Z,142686,Z
/cdiac/cdiac.ornl.gov/pub4/LaSelva/1999-11/d99_317.nrt.Z,4012,Z
/cdiac/cdiac.ornl.gov/pub4/LaSelva/2000-01/d301400.raw.Z,146961,Z
/cdiac/cdiac.ornl.gov/pub4/LaSelva/1999-11/d99_318.nrt.Z,3673,Z
/cdiac/cdiac.ornl.gov/pub8old/CdiacBundles/49UF/49UF20060118_bundle.zip,46230,zip
/cdiac/cdiac.ornl.gov2/pub3/ndp026c/land_197101_197704/DEC76L.Z,21591873,Z
/cdiac/cdiac.ornl.gov2/pub3/ndp026c/land_197101_197704/DEC74L.Z,23764315,Z
/cdiac/cdiac.ornl.gov2/pub3/ndp026c/land_197101_197704/JUL72L.Z,0,Z
/cdiac/cdiac.ornl.gov/pub9/ndp026c/land_199203_199612/JUN96L.Z,28922691,Z
/cdiac/cdiac.ornl.gov2/pub3/ndp026c/land_197705_198210/AUG81L.Z,28143857,Z
/cdiac/cdiac.ornl.gov2/pub3/ndp026c/ship_199801_200812/APR00i.Z,1819449,Z
/cdiac/cdiac.ornl.gov/pub9/ndp026c/land_199203_199612/JUL96L.Z,29996487,Z
/cdiac/cdiac.ornl.gov/pub8old/pub8/__MACOSX/._26NA20080128.csv,120,csv
/cdiac/cdiac.ornl.gov/pub9/ndp026c/land_197101_197704/MAR76L.Z,23515559,Z
/cdiac/cdiac.ornl.gov/pub9/ndp026c/land_197101_197704/JUN76L.Z,23286812,Z
/cdiac/cdiac.ornl.gov/pub4/LaSelva/2000-02/d600730.raw.Z,135427,Z
/cdiac/cdiac.ornl.gov/pub8old/oceans/GLODAP_Gridded_Data/C14.tar.Z,24168987,Z
/cdiac/cdiac.ornl.gov/pub8old/__MACOSX/PACIFICAsource/._49NZ19981222_hy1.csv,177,csv
/cdiac/cdiac.ornl.gov/pub4/LaSelva/2000-02/d590630.raw.Z,124275,Z
/cdiac/cdiac.ornl.gov/pub8old/oceans/Handbook_2007/Chapter5.pdf,285109,pdf
/cdiac/cdiac.ornl.gov/pub8old/oceans/ECOA_France/ecoaprlv17.csv,9304,csv
/cdiac/cdiac.ornl.gov/pub8old/oceans/GOMEX2013/GOMEX2013_BOT_hy1.csv,22708,csv
/cdiac/cdiac.ornl.gov/pub8old/oceans/GOMEX2013/README,418,
/cdiac/cdiac.ornl.gov/pub8old/oceans/GOMEX2013/._README,4096,_README
/cdiac/cdiac.ornl.gov/pub8old/oceans/GOMEX2013/GOMEX2013_UW.csv,6488841,csv
/cdiac/cdiac.ornl.gov/pub8old/oceans/GOMEX2013/GOMEX2013_map_UW.jpg,130557,jpg
/cdiac/cdiac.ornl.gov/pub8old/oceans/GOMEX2013/GOMEX2013_map_bottle.jpg,130837,jpg
/cdiac/cdiac.ornl.gov/pub8old/oceans/GOMEX2013/._GOMEX2013_UW.csv,4096,csv
/cdiac/cdiac.ornl.gov/pub8old/oceans/GOMEX2013/._GOMEX2013_BOT_hy1.csv,4096,csv
/cdiac/cdiac.ornl.gov/pub8old/oceans/I08R_OACES_1995/._33MW19950922.exc.csv,4096,csv
/cdiac/cdiac.ornl.gov/pub8old/oceans/I08R_OACES_1995/README~,416,
/cdiac/cdiac.ornl.gov/pub8old/oceans/I08R_OACES_1995/README,421,
/cdiac/cdiac.ornl.gov/pub8old/oceans/I08R_OACES_1995/33MW19950922.exc.csv,481742,csv
/cdiac/cdiac.ornl.gov/pub8old/oceans/I08R_OACES_1995/IR8Ndoc.pdf,7054093,pdf
/cdiac/cdiac.ornl.gov/pub8old/oceans/ECOA_France/ecoaprlv19.csv,9896,csv
/cdiac/cdiac.ornl.gov/pub8old/__MACOSX/PACIFICAsource/._49RY19970623_hy1.csv,177,csv
/cdiac/cdiac.ornl.gov/pub8old/pub8/PACIFICAsource/18DD19970604_hy1.csv,92469,csv
/cdiac/cdiac.ornl.gov/pub9/ndp026c/land_199203_199612/JUN93L.Z,25272367,Z
/cdiac/cdiac.ornl.gov2/pub3/ndp026c/land_197705_198210/DEC80L.Z,28098659,Z
/cdiac/cdiac.ornl.gov/pub9/ndp026c/land_199203_199612/OCT94L.Z,28047187,Z
/cdiac/cdiac.ornl.gov/pub8old/pub8/PACIFICAsource/18DD19970212_hy1.csv,21557,csv
/cdiac/cdiac.ornl.gov/pub9/ndp026c/land_197101_197704/MAY71L.Z,20253658,Z
/cdiac/cdiac.ornl.gov/pub8old/pub8/__MACOSX/._26NA20080612_metadata.xls,177,xls
/cdiac/cdiac.ornl.gov/pub9/ndp026c/land_199203_199612/OCT92L.Z,26601679,Z
/cdiac/cdiac.ornl.gov2/pub3/ndp026c/land_197705_198210/FEB79L.Z,25678512,Z
/cdiac/cdiac.ornl.gov/pub8old/pub8/PACIFICAsource/18DD20010206_hy1.csv,40445,csv
/cdiac/cdiac.ornl.gov/pub2/ndp026c/ship_195112_199712/OCT58O.Z,2638915,Z
/cdiac/cdiac.ornl.gov/pub4/LaSelva/1999-09/d99_248.flx.Z,2606,Z
/cdiac/cdiac.ornl.gov/pub2/ndp026c/ship_195112_199712/OCT72O.Z,3570154,Z
/cdiac/cdiac.ornl.gov/pub8old/CdiacBundles/49UP/49UP20040609_bundle.zip,36012,zip
/cdiac/cdiac.ornl.gov/pub8old/CdiacBundles/49UF/49UF20110108_bundle.zip,25975,zip
/cdiac/cdiac.ornl.gov/pub4/LaSelva/1999-11/d99_328.flx.Z,1235,Z
/cdiac/cdiac.ornl.gov/pub4/LaSelva/2000-02/d511030.raw.Z,153897,Z
/cdiac/cdiac.ornl.gov/pub8old/CdiacBundles/49UF/49UF20101002_bundle.zip,35715,zip
/cdiac/cdiac.ornl.gov/pub8old/CdiacBundles/49UP/49UP20030426_bundle.zip,18157,zip
/cdiac/cdiac.ornl.gov/pub4/LaSelva/2000-01/d310500.raw.Z,103049,Z
/cdiac/cdiac.ornl.gov/pub9/ndp026c/land_197101_197704/MAR71L.Z,20435005,Z
/cdiac/cdiac.ornl.gov/pub9/ndp026c/land_199203_199612/MAY95L.Z,31763039,Z
/cdiac/cdiac.ornl.gov2/pub3/ndp026c/land_197101_197704/JUL75L.Z,0,Z
/cdiac/cdiac.ornl.gov2/pub3/ndp026c/land_197705_198210/JAN80L.Z,28064730,Z
/cdiac/cdiac.ornl.gov/pub8old/pub8/PACIFICAsource/18DD20000208_hy1.csv,49502,csv
/cdiac/cdiac.ornl.gov/pub9/ndp026c/land_197101_197704/MAR73L.Z,21253169,Z
/cdiac/cdiac.ornl.gov/pub9/ndp026c/land_197101_197704/OCT72L.Z,22181889,Z
/cdiac/cdiac.ornl.gov/pub8old/pub8/__MACOSX/._26NA20081016_metadata.xls,177,xls
/cdiac/cdiac.ornl.gov/pub8old/pub8/PACIFICAsource/18DD20070530_hy1.csv,24301,csv
/cdiac/cdiac.ornl.gov2/pub4/ndp026c/land_197705_198210/AUG80L.Z,28322026,Z
/cdiac/cdiac.ornl.gov/pub4/LaSelva/2000-01/d260100.raw.Z,42392,Z
/cdiac/cdiac.ornl.gov/pub2/ndp026c/ship_195112_199712/JAN95O.Z,2584043,Z
/cdiac/cdiac.ornl.gov/pub4/LaSelva/1999-09/d2652100.raw.Z,87875,Z
/cdiac/cdiac.ornl.gov/pub4/LaSelva/1999-10/d99x_302.err.Z,1099,Z
/cdiac/cdiac.ornl.gov/pub2/ndp026c/ship_195112_199712/JAN91O.Z,3265577,Z
/cdiac/cdiac.ornl.gov/pub4/LaSelva/1999-09/d2660000.raw.Z,84907,Z
/cdiac/cdiac.ornl.gov/pub4/LaSelva/1999-09/d2661000.raw.Z,102637,Z
/cdiac/cdiac.ornl.gov/pub4/LaSelva/1999-09/d2660630.raw.Z,81681,Z
/cdiac/cdiac.ornl.gov/pub2/ndp026c/ship_195112_199712/JUL53O.Z,1854467,Z
/cdiac/cdiac.ornl.gov/pub4/LaSelva/2000-02/d461000.raw.Z,155909,Z
/cdiac/cdiac.ornl.gov/pub8old/CdiacBundles/61TG/61TG20130202_bundle.zip,1512863,zip
/cdiac/cdiac.ornl.gov/pub4/LaSelva/1999-11/d99_329.nrt.Z,3211,Z
/cdiac/cdiac.ornl.gov/pub8old/CdiacBundles/49UP/49UP20040423_bundle.zip,13169,zip
/cdiac/cdiac.ornl.gov/pub8old/CdiacBundles/61TG/61TG20140203_bundle.zip,836510,zip
/cdiac/cdiac.ornl.gov/pub8old/CdiacBundles/49UF/49UF20121024_bundle.zip,49043,zip
/cdiac/cdiac.ornl.gov/pub8old/CdiacBundles/61TG/61TG20150503_bundle.zip,704119,zip
/cdiac/cdiac.ornl.gov/pub2/ndp026c/ship_195112_199712/OCT76O.Z,3549820,Z
/cdiac/cdiac.ornl.gov/pub4/LaSelva/2000-01/d30930.raw.Z,137067,Z
/cdiac/cdiac.ornl.gov/pub8old/CdiacBundles/49UF/49UF20120621_bundle.zip,79639,zip
/cdiac/cdiac.ornl.gov/pub2/ndp026c/ship_195112_199712/OCT65O.Z,3478645,Z
/cdiac/cdiac.ornl.gov/pub4/LaSelva/1999-10/d99_300.err.Z,2464,Z
/cdiac/cdiac.ornl.gov/pub4/LaSelva/2000-02/d450900.raw.Z,155339,Z
/cdiac/cdiac.ornl.gov/pub4/LaSelva/2000-02/d451830.raw.Z,124591,Z
/cdiac/cdiac.ornl.gov/pub4/LaSelva/1999-09/d2651430.raw.Z,113253,Z
/cdiac/cdiac.ornl.gov/pub4/LaSelva/2000-02/d451111.raw.Z,88371,Z
/cdiac/cdiac.ornl.gov/pub4/LaSelva/2000-01/d251030.raw.Z,42110,Z
/cdiac/cdiac.ornl.gov/pub4/LaSelva/2000-02/d451730.raw.Z,126969,Z
/cdiac/cdiac.ornl.gov/pub2/ndp026c/ship_195112_199712/JAN72O.Z,3651997,Z
/cdiac/cdiac.ornl.gov/pub4/LaSelva/1999-10/d99x_285.err.Z,1160,Z
/cdiac/cdiac.ornl.gov/pub4/LaSelva/1999-08/d99_241.nrt.Z,4048,Z
/cdiac/cdiac.ornl.gov/pub2/ndp026c/ship_195112_199712/OCT61O.Z,2216037,Z
/cdiac/cdiac.ornl.gov/pub8old/CdiacBundles/49UP/49UP19970531_bundle.zip,18589,zip
/cdiac/cdiac.ornl.gov/pub8old/CdiacBundles/49UP/49UP19980127_bundle.zip,12035,zip
/cdiac/cdiac.ornl.gov/pub4/LaSelva/2000-01/d301600.raw.Z,128501,Z
/cdiac/cdiac.ornl.gov/pub4/LaSelva/2000-02/d501700.raw.Z,140344,Z
/cdiac/cdiac.ornl.gov/pub4/LaSelva/2000-01/d302000.raw.Z,119249,Z
/cdiac/cdiac.ornl.gov/pub4/LaSelva/2000-02/d510330.raw.Z,129487,Z
/cdiac/cdiac.ornl.gov/pub8old/CdiacBundles/49UP/49UP19980917_bundle.zip,18972,zip
/cdiac/cdiac.ornl.gov/pub8old/CdiacBundles/49UP/49UP19990623_bundle.zip,12373,zip
/cdiac/cdiac.ornl.gov/pub4/LaSelva/2000-01/d301630.raw.Z,119319,Z
/cdiac/cdiac.ornl.gov/pub2/ndp026c/ship_195112_199712/NOV87O.Z,4216725,Z
/cdiac/cdiac.ornl.gov/pub4/LaSelva/2000-01/d301830.raw.Z,118055,Z
/cdiac/cdiac.ornl.gov/pub4/LaSelva/2000-02/d502030.raw.Z,133521,Z
/cdiac/cdiac.ornl.gov/pub4/LaSelva/1999-11/d99_321.nrt.Z,3514,Z
/cdiac/cdiac.ornl.gov/pub4/LaSelva/1999-09/d99_246.err.Z,2384,Z
/cdiac/cdiac.ornl.gov/pub4/LaSelva/2000-02/d502200.raw.Z,127057,Z
/cdiac/cdiac.ornl.gov/pub4/LaSelva/1999-11/d99_325.flx.Z,2611,Z
/cdiac/cdiac.ornl.gov/pub4/LaSelva/2000-02/d510930.raw.Z,150147,Z
/cdiac/cdiac.ornl.gov/pub4/LaSelva/1999-11/d99_327.flx.Z,1223,Z
/cdiac/cdiac.ornl.gov/pub8old/CdiacBundles/49UP/49UP20020427_bundle.zip,28861,zip
/cdiac/cdiac.ornl.gov/pub8old/CdiacBundles/49UP/49UP20041022_bundle.zip,32270,zip
/cdiac/cdiac.ornl.gov/pub4/LaSelva/2000-01/d310100.raw.Z,72473,Z
/cdiac/cdiac.ornl.gov/pub4/LaSelva/2000-01/d310700.raw.Z,128389,Z
/cdiac/cdiac.ornl.gov/pub4/LaSelva/1999-11/d99_332.err.Z,1263,Z
/cdiac/cdiac.ornl.gov/pub2/ndp026c/ship_195112_199712/OCT66O.Z,3964073,Z
/cdiac/cdiac.ornl.gov/pub8old/CdiacBundles/49UP/49UP20060609_bundle.zip,46724,zip
/cdiac/cdiac.ornl.gov/pub8old/CdiacBundles/49UF/49UF20130107_bundle.zip,27315,zip
/cdiac/cdiac.ornl.gov/pub4/LaSelva/2000-01/d310900.raw.Z,151942,Z
/cdiac/cdiac.ornl.gov/pub4/LaSelva/2000-02/d511430.raw.Z,151980,Z
/cdiac/cdiac.ornl.gov/pub8old/CdiacBundles/642B/642B20120704_bundle.zip,789181,zip
/cdiac/cdiac.ornl.gov/pub4/LaSelva/1999-10/d99x~900.err.Z,110,Z
/cdiac/cdiac.ornl.gov/pub4/LaSelva/2000-01/d260400.raw.Z,37187,Z
/cdiac/cdiac.ornl.gov/pub4/LaSelva/1999-11/d3301230.raw.Z,150753,Z
/cdiac/cdiac.ornl.gov/pub8old/CdiacBundles/06AQ/06AQ20150519_bundle.zip,1177207,zip
/cdiac/cdiac.ornl.gov/pub4/LaSelva/1999-09/d2670730.raw.Z,128045,Z
/cdiac/cdiac.ornl.gov/pub4/LaSelva/2000-01/d260800.raw.Z,40569,Z
/cdiac/cdiac.ornl.gov/pub4/LaSelva/2000-02/d461230.raw.Z,161809,Z
/cdiac/cdiac.ornl.gov/pub4/LaSelva/1999-09/d2660700.raw.Z,66225,Z
/cdiac/cdiac.ornl.gov/pub4/LaSelva/2000-01/d260330.raw.Z,34170,Z
/cdiac/cdiac.ornl.gov/pub4/LaSelva/2000-02/d461030.raw.Z,147219,Z
/cdiac/cdiac.ornl.gov/pub2/ndp026c/ship_195112_199712/NOV90O.Z,3526873,Z
/cdiac/cdiac.ornl.gov/pub4/LaSelva/1999-11/d99_325.err.Z,2423,Z
/cdiac/cdiac.ornl.gov/pub2/ndp026c/ship_195112_199712/OCT52O.Z,1783335,Z
/cdiac/cdiac.ornl.gov/pub4/LaSelva/1999-09/d99_247.flx.Z,1325,Z
/cdiac/cdiac.ornl.gov/pub8old/CdiacBundles/49UP/49UP20010620_bundle.zip,42119,zip
/cdiac/cdiac.ornl.gov/pub4/LaSelva/1999-11/d99_331.nrt.Z,4006,Z
/cdiac/cdiac.ornl.gov/pub4/LaSelva/1999-09/d99_247.err.Z,1239,Z
/cdiac/cdiac.ornl.gov/pub8old/CdiacBundles/49UF/49UF20100811_bundle.zip,27209,zip
/cdiac/cdiac.ornl.gov/pub4/LaSelva/2000-02/d510800.raw.Z,130608,Z
/cdiac/cdiac.ornl.gov/pub4/LaSelva/1999-11/d99_331.flx.Z,2624,Z
/cdiac/cdiac.ornl.gov/pub4/LaSelva/2000-02/d460000.raw.Z,93079,Z
/cdiac/cdiac.ornl.gov/pub4/LaSelva/1999-11/d3300600.raw.Z,36757,Z
/cdiac/cdiac.ornl.gov/pub4/LaSelva/2000-01/d251330.raw.Z,42018,Z
/cdiac/cdiac.ornl.gov/pub4/LaSelva/1999-10/d99_303.flx.Z,2297,Z
/cdiac/cdiac.ornl.gov/pub4/LaSelva/1999-09/d2651730.raw.Z,118163,Z
/cdiac/cdiac.ornl.gov/pub2/ndp026c/ship_195112_199712/JAN84O.Z,4123221,Z
/cdiac/cdiac.ornl.gov/pub4/LaSelva/2000-01/d251600.raw.Z,34858,Z
/cdiac/cdiac.ornl.gov/pub4/LaSelva/1999-08/d99x_238.flx.Z,1644,Z
/cdiac/cdiac.ornl.gov/pub4/LaSelva/1999-11/d3300400.raw.Z,37070,Z
/cdiac/cdiac.ornl.gov/pub4/LaSelva/1999-10/d99x_285.flx.Z,1314,Z
/cdiac/cdiac.ornl.gov/pub8old/oceans/Handbook_2007/sop04.pdf,306380,pdf
/cdiac/cdiac.ornl.gov/pub4/LaSelva/2000-02/d592200.raw.Z,137669,Z
/cdiac/cdiac.ornl.gov/pub4/LaSelva/2000-02/d591500.raw.Z,149489,Z
/cdiac/cdiac.ornl.gov/pub8old/oceans/GOMECC2/README,459,
/cdiac/cdiac.ornl.gov/pub4/LaSelva/2000-02/d592030.raw.Z,130235,Z
/cdiac/cdiac.ornl.gov/pub4/LaSelva/2000-01/d90730.raw.Z,34434,Z
/cdiac/cdiac.ornl.gov/pub4/LaSelva/2000-01/d90800.raw.Z,32293,Z
/cdiac/cdiac.ornl.gov/pub8old/__MACOSX/PACIFICAsource/._49NZ20040807_hy1.csv,177,csv
/cdiac/cdiac.ornl.gov/pub8old/__MACOSX/PACIFICAsource/._49RY19970121_hy1.csv,177,csv
/cdiac/cdiac.ornl.gov/pub8old/__MACOSX/PACIFICAsource/._49NZ20060801_hy1.csv,177,csv
/cdiac/cdiac.ornl.gov/pub4/LaSelva/2000-02/d511700.raw.Z,128455,Z
/cdiac/cdiac.ornl.gov/pub8old/CdiacBundles/61TG/61TG20150905_bundle.zip,735430,zip
/cdiac/cdiac.ornl.gov/pub8old/CdiacBundles/61TG/61TG20150105_bundle.zip,539774,zip
/cdiac/cdiac.ornl.gov/pub4/LaSelva/1999-11/d99x_314.flx.Z,1443,Z
/cdiac/cdiac.ornl.gov/pub8old/CdiacBundles/49UP/49UP20070119_bundle.zip,51209,zip
/cdiac/cdiac.ornl.gov/pub4/LaSelva/1999-09/d99_256.err.Z,2389,Z
/cdiac/cdiac.ornl.gov/pub4/LaSelva/1999-09/d99_256.flx.Z,2647,Z
/cdiac/cdiac.ornl.gov/pub8old/CdiacBundles/61TG/61TG20150327_bundle.zip,622328,zip
/cdiac/cdiac.ornl.gov/pub2/ndp026c/ship_195112_199712/OCT80O.Z,4197045,Z
/cdiac/cdiac.ornl.gov/pub4/LaSelva/2000-01/d310800.raw.Z,128749,Z
/cdiac/cdiac.ornl.gov/pub4/LaSelva/1999-11/d3300200.raw.Z,27572,Z
/cdiac/cdiac.ornl.gov/pub4/LaSelva/1999-10/d99x_301.err.Z,1303,Z
/cdiac/cdiac.ornl.gov/pub4/LaSelva/1999-11/d3300130.raw.Z,33450,Z
/cdiac/cdiac.ornl.gov/pub2/ndp026c/ship_195112_199712/JAN88O.Z,4113303,Z
/cdiac/cdiac.ornl.gov/pub4/LaSelva/2000-01/d251830.raw.Z,31372,Z
/cdiac/cdiac.ornl.gov/pub2/ndp026c/ship_195112_199712/JAN86O.Z,4196794,Z
/cdiac/cdiac.ornl.gov/pub4/LaSelva/1999-10/d99x_293.flx.Z,1671,Z
/cdiac/cdiac.ornl.gov/pub4/LaSelva/1999-09/d2652300.raw.Z,81601,Z
/cdiac/cdiac.ornl.gov/pub4/LaSelva/2000-01/d251800.raw.Z,42054,Z
/cdiac/cdiac.ornl.gov/pub4/LaSelva/2000-02/d460030.raw.Z,104507,Z
/cdiac/cdiac.ornl.gov/pub2/ndp026c/ship_195112_199712/JUL66O.Z,3802302,Z
/cdiac/cdiac.ornl.gov/pub2/ndp026c/ship_195112_199712/JUL81O.Z,4253481,Z
/cdiac/cdiac.ornl.gov/pub4/LaSelva/1999-09/d2661200.raw.Z,112525,Z
/cdiac/cdiac.ornl.gov/pub2/ndp026c/ship_195112_199712/JUL69O.Z,3755429,Z
/cdiac/cdiac.ornl.gov/pub4/LaSelva/1999-09/d2660830.raw.Z,104545,Z
/cdiac/cdiac.ornl.gov/pub4/LaSelva/2000-02/d461730.raw.Z,123555,Z
/cdiac/cdiac.ornl.gov/pub8old/CdiacBundles/09AR/09AR20131015_bundle.zip,1201148,zip
/cdiac/cdiac.ornl.gov/pub8old/CdiacBundles/09AR/09AR20141205_bundle.zip,1828993,zip
/cdiac/cdiac.ornl.gov/pub8old/CdiacBundles/09AR/09AR20140129_bundle.zip,520615,zip
/cdiac/cdiac.ornl.gov/pub8old/CdiacBundles/09AR/09AR19951116_bundle.zip,107944,zip
/cdiac/cdiac.ornl.gov/pub8old/CdiacBundles/09AR/09AR20140309_bundle.zip,1536593,zip
/cdiac/cdiac.ornl.gov/pub8old/CdiacBundles/09AR/09AR19990205_bundle.zip,101521,zip
/cdiac/cdiac.ornl.gov/pub8old/CdiacBundles/09AR/09AR20141022_bundle.zip,878448,zip
/cdiac/cdiac.ornl.gov/pub8old/CdiacBundles/09AR/09AR20120317_bundle.zip,1041009,zip
/cdiac/cdiac.ornl.gov/pub4/LaSelva/2000-01/d261400.raw.Z,46055,Z
/cdiac/cdiac.ornl.gov/pub2/ndp026c/ship_195112_199712/JUL74O.Z,2374483,Z
/cdiac/cdiac.ornl.gov/pub4/LaSelva/1999-11/d3310730.raw.Z,113883,Z
/cdiac/cdiac.ornl.gov/pub4/LaSelva/1999-11/d99x_316.err.Z,1495,Z
/cdiac/cdiac.ornl.gov/pub8old/CdiacBundles/49UP/49UP20090117_bundle.zip,48585,zip
/cdiac/cdiac.ornl.gov/pub4/LaSelva/2000-02/d520600.raw.Z,33197,Z
/cdiac/cdiac.ornl.gov/pub4/LaSelva/1999-11/d99x_323.nrt.Z,2111,Z
/cdiac/cdiac.ornl.gov/pub4/LaSelva/1999-09/d99_257.flx.Z,2615,Z
/cdiac/cdiac.ornl.gov/pub4/LaSelva/2000-01/d310830.raw.Z,137596,Z
/cdiac/cdiac.ornl.gov/pub4/LaSelva/1999-11/d99x_320.flx.Z,1153,Z
/cdiac/cdiac.ornl.gov/pub4/LaSelva/1999-11/d99x_328.err.Z,1153,Z
/cdiac/cdiac.ornl.gov/pub4/LaSelva/1999-09/d99_260.flx.Z,2671,Z
/cdiac/cdiac.ornl.gov/pub8old/CdiacBundles/642B/642B20110413_bundle.zip,854509,zip
/cdiac/cdiac.ornl.gov/pub8old/CdiacBundles/49UP/49UP20030125_bundle.zip,32867,zip
/cdiac/cdiac.ornl.gov/pub8old/CdiacBundles/49UF/49UF20120108_bundle.zip,27118,zip
/cdiac/cdiac.ornl.gov/pub2/ndp026c/ship_195112_199712/OCT56O.Z,2113827,Z
/cdiac/cdiac.ornl.gov/pub8old/CdiacBundles/49UP/49UP20050423_bundle.zip,15417,zip
/cdiac/cdiac.ornl.gov/pub4/LaSelva/2000-02/d510900.raw.Z,148579,Z
/cdiac/cdiac.ornl.gov/pub4/LaSelva/1999-09/d99_253.err.Z,2410,Z
/cdiac/cdiac.ornl.gov/pub8old/CdiacBundles/49UP/49UP20071020_bundle.zip,17818,zip
/cdiac/cdiac.ornl.gov/pub4/LaSelva/2000-02/d511230.raw.Z,159360,Z
/cdiac/cdiac.ornl.gov/pub4/LaSelva/1999-11/d99_330.flx.Z,1103,Z
/cdiac/cdiac.ornl.gov/pub4/LaSelva/1999-09/d99_251.err.Z,974,Z
/cdiac/cdiac.ornl.gov/pub4/LaSelva/2000-01/d261500.raw.Z,106327,Z
/cdiac/cdiac.ornl.gov/pub4/LaSelva/2000-02/d461600.raw.Z,146962,Z
/cdiac/cdiac.ornl.gov/pub4/LaSelva/2000-02/d470530.raw.Z,132484,Z
/cdiac/cdiac.ornl.gov/pub4/LaSelva/1999-11/d3302300.raw.Z,72437,Z
/cdiac/cdiac.ornl.gov/pub2/ndp026c/ship_195112_199712/JUN59O.Z,2470155,Z
/cdiac/cdiac.ornl.gov/pub4/LaSelva/2000-02/d480200.raw.Z,117941,Z
/cdiac/cdiac.ornl.gov/pub4/LaSelva/2000-01/d261330.raw.Z,34442,Z
/cdiac/cdiac.ornl.gov/pub4/LaSelva/1999-09/d2661430.raw.Z,129535,Z
/cdiac/cdiac.ornl.gov/pub4/LaSelva/1999-11/d3310600.raw.Z,115411,Z
/cdiac/cdiac.ornl.gov/pub2/ndp026c/ship_195112_199712/JUL85O.Z,4436573,Z
/cdiac/cdiac.ornl.gov/pub4/LaSelva/1999-10/d99x_295.flx.Z,1668,Z
/cdiac/cdiac.ornl.gov/pub4/LaSelva/1999-11/d3300730.raw.Z,40927,Z
/cdiac/cdiac.ornl.gov/pub2/ndp026c/ship_195112_199712/JUL55O.Z,1871667,Z
/cdiac/cdiac.ornl.gov/pub4/LaSelva/2000-02/d460700.raw.Z,144347,Z
/cdiac/cdiac.ornl.gov/pub4/LaSelva/1999-11/d3300900.raw.Z,17788,Z
/cdiac/cdiac.ornl.gov/pub4/LaSelva/1999-11/d3300430.raw.Z,36457,Z
/cdiac/cdiac.ornl.gov/pub2/ndp026c/ship_195112_199712/JUL59O.Z,2586188,Z
/cdiac/cdiac.ornl.gov/pub4/LaSelva/1999-11/d3301200.raw.Z,153278,Z
/cdiac/cdiac.ornl.gov/pub2/ndp026c/ship_195112_199712/JAN92O.Z,2702302,Z
/cdiac/cdiac.ornl.gov/pub8old/CdiacBundles/06AQ/06AQ20140309_bundle.zip,1185658,zip
/cdiac/cdiac.ornl.gov/pub8old/oceans/Handbook_2007/._Guide_all_in_one.pdf,4096,pdf
/cdiac/cdiac.ornl.gov/pub4/LaSelva/2000-02/d600000.raw.Z,125411,Z
/cdiac/cdiac.ornl.gov/pub8old/oceans/Handbook_2007/sop24.pdf,210756,pdf
/cdiac/cdiac.ornl.gov/pub8old/oceans/Handbook_2007/._sop23.pdf,4096,pdf
/cdiac/cdiac.ornl.gov/pub4/LaSelva/2000-01/d91930.raw.Z,124015,Z
/cdiac/cdiac.ornl.gov/pub8old/oceans/Handbook_2007/Chapter4.pdf,143859,pdf
/cdiac/cdiac.ornl.gov/pub4/LaSelva/2000-02/d600330.raw.Z,121985,Z
/cdiac/cdiac.ornl.gov/pub4/LaSelva/2000-02/d600300.raw.Z,110285,Z
/cdiac/cdiac.ornl.gov/pub4/LaSelva/2000-02/d600530.raw.Z,136517,Z
/cdiac/cdiac.ornl.gov/pub8old/oceans/Handbook_2007/sop02.pdf,277367,pdf
/cdiac/cdiac.ornl.gov/pub8old/CdiacBundles/61TG/61TG20130827_bundle.zip,1029036,zip
/cdiac/cdiac.ornl.gov/pub8old/CdiacBundles/49UF/49UF20120429_bundle.zip,50361,zip
/cdiac/cdiac.ornl.gov/pub4/LaSelva/1999-09/d99_251.nrt.Z,1642,Z
/cdiac/cdiac.ornl.gov/pub4/LaSelva/2000-01/d30730.raw.Z,118715,Z
/cdiac/cdiac.ornl.gov/pub4/LaSelva/2000-01/d310030.raw.Z,100005,Z
/cdiac/cdiac.ornl.gov/pub4/LaSelva/2000-02/d511930.raw.Z,124303,Z
/cdiac/cdiac.ornl.gov/pub8old/CdiacBundles/61TG/61TG20140926_bundle.zip,517510,zip
/cdiac/cdiac.ornl.gov/pub4/LaSelva/1999-11/d99_333.err.Z,2192,Z
/cdiac/cdiac.ornl.gov/pub8old/CdiacBundles/49UP/49UP20060429_bundle.zip,12067,zip
/cdiac/cdiac.ornl.gov/pub8old/CdiacBundles/61TG/61TG20140722_bundle.zip,920074,zip
/cdiac/cdiac.ornl.gov/pub4/LaSelva/1999-09/d99_252.nrt.Z,3979,Z
/cdiac/cdiac.ornl.gov/pub8old/CdiacBundles/49UP/49UP20050616_bundle.zip,38830,zip
/cdiac/cdiac.ornl.gov/pub4/LaSelva/2000-02/d520330.raw.Z,29778,Z
/cdiac/cdiac.ornl.gov/pub2/ndp026c/ship_195112_199712/OCT74O.Z,3516195,Z
/cdiac/cdiac.ornl.gov/pub8old/CdiacBundles/49UF/49UF20130626_bundle.zip,73568,zip
/cdiac/cdiac.ornl.gov/pub8old/CdiacBundles/61TG/61TG20150523_bundle.zip,566245,zip
/cdiac/cdiac.ornl.gov/pub4/LaSelva/2000-01/d310230.raw.Z,100863,Z
/cdiac/cdiac.ornl.gov/pub8old/CdiacBundles/49UP/49UP20060115_bundle.zip,45043,zip
/cdiac/cdiac.ornl.gov/pub4/LaSelva/2000-02/d511730.raw.Z,121965,Z
/cdiac/cdiac.ornl.gov/pub8old/CdiacBundles/49UP/49UP20101110_bundle.zip,52549,zip
/cdiac/cdiac.ornl.gov/pub8old/oceans/Handbook_2007/sop07.pdf,101555,pdf
/cdiac/cdiac.ornl.gov/pub8old/oceans/ISS03_1996woce/iss03_b_09FA19960507do.pdf,1536496,pdf
/cdiac/cdiac.ornl.gov/pub8old/oceans/ISS03_1996woce/._iss03_b_09FA19960507do.pdf,4096,pdf
/cdiac/cdiac.ornl.gov/pub8old/oceans/ISS03_1996woce/._README,4096,_README
/cdiac/cdiac.ornl.gov/pub8old/oceans/ISS03_1996woce/iss03_b_09FA19960507_hy1.csv,228876,csv
/cdiac/cdiac.ornl.gov/pub8old/oceans/ISS03_1996woce/iss03_b_09FA19960507.jpg,154759,jpg
/cdiac/cdiac.ornl.gov/pub8old/oceans/ISS03_1996woce/._iss03_b_09FA19960507_hy1.csv,4096,csv
/cdiac/cdiac.ornl.gov/pub8old/oceans/ISS03_1996woce/README,377,
/cdiac/cdiac.ornl.gov/pub8old/oceans/Keeling_1957_1963/keeling_65.pdf,645281,pdf
/cdiac/cdiac.ornl.gov/pub8old/__MACOSX/PACIFICAsource/._49OS20020606_hy1.csv,177,csv
/cdiac/cdiac.ornl.gov/pub4/LaSelva/2000-01/ws_ftp.log.Z,58605,Z
/cdiac/cdiac.ornl.gov/pub4/LaSelva/2000-01/d92130.raw.Z,117909,Z
/cdiac/cdiac.ornl.gov/pub8old/__MACOSX/PACIFICAsource/._49RY19980916_hy1.csv,177,csv
/cdiac/cdiac.ornl.gov/pub8old/__MACOSX/PACIFICAsource/._49OS20030811_hy1.csv,177,csv
/cdiac/cdiac.ornl.gov/pub4/LaSelva/2000-01/d92330.raw.Z,97721,Z
/cdiac/cdiac.ornl.gov/pub8old/oceans/Irish_Sea/._POL_2009_06_pCO2_PML_20_01_2011.xls,4096,xls
/cdiac/cdiac.ornl.gov/pub2/ndp026c/ship_195112_199712/JUL86O.Z,4463978,Z
/cdiac/cdiac.ornl.gov/pub4/LaSelva/2000-01/d261700.raw.Z,110359,Z
/cdiac/cdiac.ornl.gov/pub4/LaSelva/2000-01/d262330.raw.Z,121817,Z
/cdiac/cdiac.ornl.gov/pub4/LaSelva/1999-11/d3310500.raw.Z,132123,Z
/cdiac/cdiac.ornl.gov/pub2/ndp026c/ship_195112_199712/JUN66O.Z,3616251,Z
/cdiac/cdiac.ornl.gov/pub4/LaSelva/2000-02/d471100.raw.Z,142527,Z
/cdiac/cdiac.ornl.gov/pub4/LaSelva/1999-11/d3310800.raw.Z,125817,Z
/cdiac/cdiac.ornl.gov/pub2/ndp026c/ship_195112_199712/JUN58O.Z,2491173,Z
/cdiac/cdiac.ornl.gov/pub4/LaSelva/1999-11/d3310900.raw.Z,130537,Z
/cdiac/cdiac.ornl.gov/pub4/LaSelva/1999-11/d3310830.raw.Z,135998,Z
/cdiac/cdiac.ornl.gov/pub8old/CdiacBundles/49UP/49UP20070502_bundle.zip,15944,zip
/cdiac/cdiac.ornl.gov/pub2/ndp026c/ship_195112_199712/SEP64O.Z,3073439,Z
/cdiac/cdiac.ornl.gov/pub4/LaSelva/1999-11/d99_334.nrt.Z,1952,Z
/cdiac/cdiac.ornl.gov/pub2/ndp026c/ship_195112_199712/OCT84O.Z,4516499,Z
/cdiac/cdiac.ornl.gov/pub8old/CdiacBundles/61TG/61TG20141125_bundle.zip,1060255,zip
/cdiac/cdiac.ornl.gov/pub4/LaSelva/1999-11/d99x_305.nrt.Z,236,Z
/cdiac/cdiac.ornl.gov/pub8old/CdiacBundles/61TG/61TG20150704_bundle.zip,1277661,zip
/cdiac/cdiac.ornl.gov/pub4/LaSelva/2000-02/d520400.raw.Z,31922,Z
/cdiac/cdiac.ornl.gov/pub4/LaSelva/1999-09/d99_258.flx.Z,2647,Z
/cdiac/cdiac.ornl.gov/pub2/ndp026c/ship_195112_199712/OCT82O.Z,4259879,Z
/cdiac/cdiac.ornl.gov/pub4/LaSelva/1999-11/d99x_323.err.Z,1340,Z
/cdiac/cdiac.ornl.gov/pub4/LaSelva/1999-09/d99_257.nrt.Z,3970,Z
/cdiac/cdiac.ornl.gov/pub4/LaSelva/2000-01/d310930.raw.Z,153848,Z
/cdiac/cdiac.ornl.gov/pub8old/CdiacBundles/642B/642B20110119_bundle.zip,669004,zip
/cdiac/cdiac.ornl.gov/pub8old/CdiacBundles/642B/642B20150808_bundle.zip,519149,zip
/cdiac/cdiac.ornl.gov/pub2/ndp026c/ship_195112_199712/OCT92O.Z,2834847,Z
/cdiac/cdiac.ornl.gov/pub8old/CdiacBundles/642B/642B20131228_bundle.zip,426608,zip
/cdiac/cdiac.ornl.gov/pub2/ndp026c/ship_195112_199712/SEP68O.Z,4495839,Z
/cdiac/cdiac.ornl.gov/pub4/LaSelva/1999-11/d99x_328.nrt.Z,2036,Z
/cdiac/cdiac.ornl.gov/pub4/LaSelva/1999-11/d99x_326.flx.Z,1319,Z
/cdiac/cdiac.ornl.gov/pub4/LaSelva/1999-09/d2670430.raw.Z,125023,Z
/cdiac/cdiac.ornl.gov/pub4/LaSelva/2000-01/d262300.raw.Z,133638,Z
/cdiac/cdiac.ornl.gov/pub4/LaSelva/2000-02/d470930.raw.Z,138146,Z
/cdiac/cdiac.ornl.gov/pub4/LaSelva/2000-02/d480230.raw.Z,124525,Z
/cdiac/cdiac.ornl.gov/pub4/LaSelva/1999-09/d2662200.raw.Z,121949,Z
/cdiac/cdiac.ornl.gov/pub8old/CdiacBundles/26NA/26NA20140106_bundle.zip,78725,zip
/cdiac/cdiac.ornl.gov/pub4/LaSelva/1999-09/d2662330.raw.Z,113093,Z
/cdiac/cdiac.ornl.gov/pub8old/CdiacBundles/3164/316420120809_bundle.zip,301107,zip
/cdiac/cdiac.ornl.gov/pub8old/CdiacBundles/3164/316420080611-1_bundle.zip,148066,zip
/cdiac/cdiac.ornl.gov/pub4/LaSelva/1999-09/d2670000.raw.Z,106579,Z
/cdiac/cdiac.ornl.gov/pub4/LaSelva/1999-11/d3311430.raw.Z,138213,Z
/cdiac/cdiac.ornl.gov/pub8old/CdiacBundles/642B/642B20131016_bundle.zip,802269,zip
/cdiac/cdiac.ornl.gov/pub4/LaSelva/2000-01/d311030.raw.Z,156384,Z
/cdiac/cdiac.ornl.gov/pub4/LaSelva/2000-01/d31100.raw.Z,151965,Z
/cdiac/cdiac.ornl.gov/pub4/LaSelva/2000-01/d311000.raw.Z,154408,Z
/cdiac/cdiac.ornl.gov/pub2/ndp026c/ship_195112_199712/OCT89O.Z,3239523,Z
/cdiac/cdiac.ornl.gov/pub4/LaSelva/2000-01/d311600.raw.Z,137902,Z
/cdiac/cdiac.ornl.gov/pub4/LaSelva/2000-02/d520100.raw.Z,41874,Z
/cdiac/cdiac.ornl.gov/pub4/LaSelva/2000-02/d520800.raw.Z,86269,Z
/cdiac/cdiac.ornl.gov/pub2/ndp026c/ship_195112_199712/SEP59O.Z,2504845,Z
/cdiac/cdiac.ornl.gov/pub8old/CdiacBundles/642B/642B20120509_bundle.zip,782400,zip
/cdiac/cdiac.ornl.gov/pub4/LaSelva/1999-11/d99x_330.nrt.Z,1446,Z
/cdiac/cdiac.ornl.gov/pub4/LaSelva/1999-09/d99_265.nrt.Z,4081,Z
/cdiac/cdiac.ornl.gov/pub4/LaSelva/1999-09/d99_265.err.Z,2342,Z
/cdiac/cdiac.ornl.gov/pub4/LaSelva/1999-09/d99_263.err.Z,1153,Z
/cdiac/cdiac.ornl.gov/pub4/LaSelva/2000-01/d312230.raw.Z,115929,Z
/cdiac/cdiac.ornl.gov/pub4/LaSelva/2000-02/d521030.raw.Z,160646,Z
/cdiac/cdiac.ornl.gov/pub8old/CdiacBundles/642B/642B20120801_bundle.zip,755977,zip
/cdiac/cdiac.ornl.gov/pub8old/CdiacBundles/642B/642B20141112_bundle.zip,504950,zip
/cdiac/cdiac.ornl.gov/pub4/LaSelva/2000-01/d311500.raw.Z,150397,Z
/cdiac/cdiac.ornl.gov/pub8old/CdiacBundles/74EQ/74EQ20141027_bundle.zip,40398,zip
/cdiac/cdiac.ornl.gov/pub8old/CdiacBundles/74EQ/74EQ20140320_bundle.zip,127776,zip
/cdiac/cdiac.ornl.gov/pub4/LaSelva/2000-01/d260430.raw.Z,35777,Z
/cdiac/cdiac.ornl.gov/pub2/ndp026c/ship_195112_199712/JUL52O.Z,1678894,Z
/cdiac/cdiac.ornl.gov/pub4/LaSelva/2000-02/d470000.raw.Z,105739,Z
/cdiac/cdiac.ornl.gov/pub4/LaSelva/1999-10/oct99.xls.Z,162199,Z
/cdiac/cdiac.ornl.gov/pub4/LaSelva/1999-11/d3301430.raw.Z,133509,Z
/cdiac/cdiac.ornl.gov/pub8old/CdiacBundles/06AQ/06AQ20150629_bundle.zip,748687,zip
/cdiac/cdiac.ornl.gov/pub4/LaSelva/1999-11/d3301830.raw.Z,95011,Z
/cdiac/cdiac.ornl.gov/pub4/LaSelva/1999-09/d2660530.raw.Z,80847,Z
/cdiac/cdiac.ornl.gov/pub8old/CdiacBundles/09FA/09FA19931108_bundle.zip,244328,zip
/cdiac/cdiac.ornl.gov/pub8old/CdiacBundles/09FA/09FA19931120_bundle.zip,243488,zip
/cdiac/cdiac.ornl.gov/pub8old/CdiacBundles/09FA/09FA19901002_bundle.zip,292044,zip
/cdiac/cdiac.ornl.gov/pub2/ndp026c/ship_195112_199712/JUL63O.Z,2192357,Z
/cdiac/cdiac.ornl.gov/pub4/LaSelva/1999-09/d99_264.flx.Z,2626,Z
/cdiac/cdiac.ornl.gov/pub4/LaSelva/1999-09/d99_261.flx.Z,2623,Z
/cdiac/cdiac.ornl.gov/pub8old/CdiacBundles/642B/642B20110820_bundle.zip,893842,zip
/cdiac/cdiac.ornl.gov/pub4/LaSelva/2000-01/d312000.raw.Z,119203,Z
/cdiac/cdiac.ornl.gov/pub4/LaSelva/2000-02/d541600.raw.Z,138294,Z
/cdiac/cdiac.ornl.gov/pub8old/CdiacBundles/642B/642B20120830_bundle.zip,461516,zip
/cdiac/cdiac.ornl.gov/pub8old/CdiacBundles/AGB6/AGB620130201_bundle.zip,319076,zip
/cdiac/cdiac.ornl.gov/pub8old/CdiacBundles/AGB6/AGB620130524_bundle.zip,339286,zip
/cdiac/cdiac.ornl.gov/pub8old/CdiacBundles/AGB6/AGB620130328_bundle.zip,360405,zip
/cdiac/cdiac.ornl.gov/pub2/ndp026c/ship_195112_199712/SEP79O.Z,3839739,Z
/cdiac/cdiac.ornl.gov/pub4/LaSelva/1999-09/d99x_247.err.Z,1347,Z
/cdiac/cdiac.ornl.gov/pub4/LaSelva/2000-01/d311700.raw.Z,126479,Z
/cdiac/cdiac.ornl.gov/pub4/LaSelva/1999-09/d99_272.err.Z,2140,Z
/cdiac/cdiac.ornl.gov/pub4/LaSelva/2000-02/d521330.raw.Z,38887,Z
/cdiac/cdiac.ornl.gov/pub4/LaSelva/1999-09/d99_272.flx.Z,2639,Z
/cdiac/cdiac.ornl.gov/pub4/LaSelva/1999-09/d99_266.err.Z,1274,Z
/cdiac/cdiac.ornl.gov/pub4/LaSelva/2000-02/d551130.raw.Z,157655,Z
/cdiac/cdiac.ornl.gov/pub2/ndp026c/ship_195112_199712/SEP69O.Z,3247963,Z
/cdiac/cdiac.ornl.gov/pub4/LaSelva/2000-02/d521730.raw.Z,128627,Z
/cdiac/cdiac.ornl.gov/pub4/LaSelva/2000-01/d312130.raw.Z,115241,Z
/cdiac/cdiac.ornl.gov/pub2/ndp026c/ship_195112_199712/SEP95O.Z,2556503,Z
/cdiac/cdiac.ornl.gov/pub2/ndp026c/ship_195112_199712/SEP83O.Z,4193358,Z
/cdiac/cdiac.ornl.gov/pub8old/oceans/ISS01woce_1994/._iss1_hdo.pdf,4096,pdf
/cdiac/cdiac.ornl.gov/pub8old/oceans/ISS01woce_1994/iss1_hdo.pdf,27809,pdf
/cdiac/cdiac.ornl.gov/pub8old/oceans/ISS01woce_1994/iss1_h_hy1.csv,94853,csv
/cdiac/cdiac.ornl.gov/pub8old/oceans/ISS01woce_1994/._README,4096,_README
/cdiac/cdiac.ornl.gov/pub8old/oceans/ISS01woce_1994/._74DI19940219.jpg,4096,jpg
/cdiac/cdiac.ornl.gov/pub8old/oceans/ISS01woce_1994/74DI19940219.jpg,185640,jpg
/cdiac/cdiac.ornl.gov/pub8old/oceans/ISS01woce_1994/._iss1_h_hy1.csv,4096,csv
/cdiac/cdiac.ornl.gov/pub8old/oceans/ISS01woce_1994/README,352,
/cdiac/cdiac.ornl.gov/pub8old/__MACOSX/PACIFICAsource/._49SU19980819_hy1.csv,177,csv
/cdiac/cdiac.ornl.gov/pub8old/__MACOSX/PACIFICAsource/._49RY20050114_hy1.csv,177,csv
/cdiac/cdiac.ornl.gov/pub8old/oceans/Handbook_2007/sop23.pdf,840064,pdf
/cdiac/cdiac.ornl.gov/pub8old/__MACOSX/PACIFICAsource/._49SH20081021_hy1.csv,177,csv
/cdiac/cdiac.ornl.gov/pub8old/__MACOSX/PACIFICAsource/._49RY19980609_hy1.csv,177,csv
/cdiac/cdiac.ornl.gov/pub4/LaSelva/2000-02/d602200.raw.Z,111719,Z
/cdiac/cdiac.ornl.gov/pub8old/oceans/Handbook_2007/sop21.pdf,210036,pdf
/cdiac/cdiac.ornl.gov/pub8old/__MACOSX/PACIFICAsource/._49SU19991006_hy1.csv,177,csv
/cdiac/cdiac.ornl.gov/pub8old/oceans/Keeling_1957_1963/._pco2_Lusiad_1962.csv.txt,4096,txt
/cdiac/cdiac.ornl.gov/pub9/ndp026c/land_197101_197704/MAY76L.Z,24059070,Z
/cdiac/cdiac.ornl.gov/pub8old/pub8/PACIFICAsource/18DD20040218_hy1.csv,24359,csv
/cdiac/cdiac.ornl.gov2/pub3/ndp026c/land_199701_200912/APR00L.Z,11051131,Z
/cdiac/cdiac.ornl.gov/pub8old/pub8/PACIFICAsource/18PZ19880502_hy1.csv,42213,csv
/cdiac/cdiac.ornl.gov/pub9/ndp026c/land_197101_197704/SEP75L.Z,13706555,Z
/cdiac/cdiac.ornl.gov/pub8old/pub8/PACIFICAsource/18PZ19880628_hy1.csv,44877,csv
/cdiac/cdiac.ornl.gov2/pub3/ndp026c/land_199701_200912/APR06L.Z,9877225,Z
/cdiac/cdiac.ornl.gov/pub8old/pub8/PACIFICAsource/49FA20030422_hy1.csv,372716,csv
/cdiac/cdiac.ornl.gov/pub8old/pub8/PACIFICAsource/18PZ19850811_hy1.csv,21616,csv
/cdiac/cdiac.ornl.gov2/pub3/ndp026c/ship_199801_200812/APR03i.Z,1552159,Z
/cdiac/cdiac.ornl.gov/pub4/LaSelva/1999-11/d3302000.raw.Z,107275,Z
/cdiac/cdiac.ornl.gov/pub4/LaSelva/2000-01/d260730.raw.Z,37991,Z
/cdiac/cdiac.ornl.gov/pub4/LaSelva/1999-09/d2660730.raw.Z,80235,Z
/cdiac/cdiac.ornl.gov/pub2/ndp026c/ship_195112_199712/JUL67O.Z,4862299,Z
/cdiac/cdiac.ornl.gov/pub2/ndp026c/ship_195112_199712/JUL84O.Z,4275135,Z
/cdiac/cdiac.ornl.gov/pub4/LaSelva/2000-01/d260630.raw.Z,46998,Z
/cdiac/cdiac.ornl.gov/pub2/ndp026c/ship_195112_199712/JUL70O.Z,3777237,Z
/cdiac/cdiac.ornl.gov/pub4/LaSelva/1999-09/d2660800.raw.Z,87449,Z
/cdiac/cdiac.ornl.gov/pub4/LaSelva/2000-02/d461700.raw.Z,137882,Z
/cdiac/cdiac.ornl.gov/pub8old/CdiacBundles/09FS/09FS20100908_bundle.zip,665092,zip
/cdiac/cdiac.ornl.gov/pub8old/CdiacBundles/09FS/09FS20110311_bundle.zip,640657,zip
/cdiac/cdiac.ornl.gov/pub8old/CdiacBundles/09FS/09FS20100421_bundle.zip,606810,zip
/cdiac/cdiac.ornl.gov/pub8old/CdiacBundles/09FS/09FS20091009_bundle.zip,600306,zip
/cdiac/cdiac.ornl.gov/pub2/ndp026c/ship_195112_199712/JUN63O.Z,2202451,Z
/cdiac/cdiac.ornl.gov/pub8old/CdiacBundles/26NA/26NA20140204_bundle.zip,87236,zip
/cdiac/cdiac.ornl.gov/pub4/LaSelva/2000-01/d270630.raw.Z,103251,Z
/cdiac/cdiac.ornl.gov/pub4/LaSelva/1999-09/d2670300.raw.Z,111825,Z
/cdiac/cdiac.ornl.gov/pub8old/CdiacBundles/33GC/33GC20080923_bundle.zip,151314,zip
/cdiac/cdiac.ornl.gov/pub8old/CdiacBundles/26NA/26NA20140604_bundle.zip,18015,zip
/cdiac/cdiac.ornl.gov/pub4/LaSelva/1999-11/d3311900.raw.Z,101613,Z
/cdiac/cdiac.ornl.gov/pub8old/CdiacBundles/26NA/26NA20140307_bundle.zip,76259,zip
/cdiac/cdiac.ornl.gov/pub2/ndp026c/ship_195112_199712/JUN77O.Z,3301454,Z
/cdiac/cdiac.ornl.gov/pub4/LaSelva/2000-01/d270800.raw.Z,104313,Z
/cdiac/cdiac.ornl.gov/pub8old/pub8/__MACOSX/._26NA20081007_metadata.xls,177,xls
/cdiac/cdiac.ornl.gov2/pub3/ndp026c/ship_199801_200812/APR08i.Z,1405925,Z
/cdiac/cdiac.ornl.gov2/pub4/ndp026c/land_199203_199612/APR92L.Z,24041687,Z
/cdiac/cdiac.ornl.gov2/pub3/ndp026c/land_199701_200912/APR07L.Z,9845301,Z
/cdiac/cdiac.ornl.gov/pub8old/pub8/PACIFICAsource/18PZ19900509_hy1.csv,58367,csv
/cdiac/cdiac.ornl.gov2/pub3/ndp026c/land_197705_198210/NOV79L.Z,26106491,Z
/cdiac/cdiac.ornl.gov2/pub3/ndp026c/ship_199801_200812/AUG07i.Z,1678897,Z
/cdiac/cdiac.ornl.gov2/pub3/ndp026c/ship_199801_200812/DEC00i.Z,1816810,Z
/cdiac/cdiac.ornl.gov2/pub3/ndp026c/land_197705_198210/MAY79L.Z,28662879,Z
/cdiac/cdiac.ornl.gov2/pub3/ndp026c/land_199701_200912/AUG97L.Z,10909299,Z
/cdiac/cdiac.ornl.gov/pub8old/CdiacBundles/642B/642B20150711_bundle.zip,480311,zip
/cdiac/cdiac.ornl.gov/pub4/LaSelva/1999-09/d99x_247.flx.Z,1475,Z
/cdiac/cdiac.ornl.gov/pub4/LaSelva/2000-02/d542300.raw.Z,115527,Z
/cdiac/cdiac.ornl.gov/pub4/LaSelva/2000-02/d550000.raw.Z,136811,Z
/cdiac/cdiac.ornl.gov/pub4/LaSelva/2000-01/d31400.raw.Z,38876,Z
/cdiac/cdiac.ornl.gov/pub4/LaSelva/1999-09/d99x_266.flx.Z,1556,Z
/cdiac/cdiac.ornl.gov/pub4/LaSelva/2000-01/d31530.raw.Z,35606,Z
/cdiac/cdiac.ornl.gov/pub4/LaSelva/2000-02/d541830.raw.Z,111599,Z
/cdiac/cdiac.ornl.gov/pub8old/CdiacBundles/PAT5/PAT520131203_bundle.zip,168856,zip
/cdiac/cdiac.ornl.gov/pub4/LaSelva/2000-01/d40830.raw.Z,32902,Z
/cdiac/cdiac.ornl.gov/pub4/LaSelva/2000-02/d471300.raw.Z,152043,Z
/cdiac/cdiac.ornl.gov/pub4/LaSelva/2000-01/d270830.raw.Z,106679,Z
/cdiac/cdiac.ornl.gov/pub8old/CdiacBundles/26NA/26NA20140329_bundle.zip,88919,zip
/cdiac/cdiac.ornl.gov/pub4/LaSelva/2000-02/d472130.raw.Z,136228,Z
/cdiac/cdiac.ornl.gov/pub4/LaSelva/1999-11/d3312030.raw.Z,118813,Z
/cdiac/cdiac.ornl.gov/pub2/ndp026c/ship_195112_199712/JUN84O.Z,4289324,Z
/cdiac/cdiac.ornl.gov/pub8old/CdiacBundles/26NA/26NA20140815_bundle.zip,83692,zip
/cdiac/cdiac.ornl.gov/pub8old/CdiacBundles/33GG/33GG20111007_bundle.zip,160093,zip
/cdiac/cdiac.ornl.gov/pub2/ndp026c/ship_195112_199712/JUN74O.Z,2244505,Z
/cdiac/cdiac.ornl.gov/pub8old/CdiacBundles/33GG/33GG20110617_bundle.zip,357215,zip
/cdiac/cdiac.ornl.gov/pub4/LaSelva/2000-01/d32130.raw.Z,30915,Z
/cdiac/cdiac.ornl.gov/pub4/LaSelva/1999-09/d99x~bc9.nrt.Z,2438,Z
/cdiac/cdiac.ornl.gov/pub8old/CdiacBundles/PAT5/PAT520131009_bundle.zip,130287,zip
/cdiac/cdiac.ornl.gov/pub4/LaSelva/1999-09/d99x_263.nrt.Z,2242,Z
/cdiac/cdiac.ornl.gov/pub4/LaSelva/2000-01/d32330.raw.Z,34331,Z
/cdiac/cdiac.ornl.gov/pub4/LaSelva/2000-01/d32230.raw.Z,31083,Z
/cdiac/cdiac.ornl.gov/pub8old/CdiacBundles/PAT5/PAT520150606_bundle.zip,143258,zip
/cdiac/cdiac.ornl.gov/pub4/LaSelva/2000-02/d550300.raw.Z,94243,Z
/cdiac/cdiac.ornl.gov/pub4/LaSelva/2000-02/d550400.raw.Z,126759,Z
/cdiac/cdiac.ornl.gov/pub4/LaSelva/2000-01/d40230.raw.Z,34695,Z
/cdiac/cdiac.ornl.gov/pub4/LaSelva/2000-01/d311800.raw.Z,124455,Z
/cdiac/cdiac.ornl.gov/pub8old/CdiacBundles/642B/642B20131130_bundle.zip,906471,zip
/cdiac/cdiac.ornl.gov/pub4/LaSelva/2000-02/d521230.raw.Z,32107,Z
/cdiac/cdiac.ornl.gov/pub8old/CdiacBundles/642B/642B20141015_bundle.zip,485152,zip
/cdiac/cdiac.ornl.gov/pub2/ndp026c/ship_195112_199712/SEP60O.Z,2634033,Z
/cdiac/cdiac.ornl.gov/pub4/LaSelva/2000-01/d311900.raw.Z,98169,Z
/cdiac/cdiac.ornl.gov/pub2/ndp026c/ship_195112_199712/SEP73O.Z,3595589,Z
/cdiac/cdiac.ornl.gov/pub2/ndp026c/ship_195112_199712/SEP85O.Z,4210576,Z
/cdiac/cdiac.ornl.gov/pub4/LaSelva/1999-09/d99x_249.err.Z,1455,Z
/cdiac/cdiac.ornl.gov/pub4/LaSelva/2000-01/d31630.raw.Z,29122,Z
/cdiac/cdiac.ornl.gov/pub8old/__MACOSX/PACIFICAsource/._49TA20020108_hy1.csv,177,csv
/cdiac/cdiac.ornl.gov/pub8old/oceans/Keeling_1957_1963/._keeling_65.pdf,4096,pdf
/cdiac/cdiac.ornl.gov/pub4/LaSelva/2000-02/ws_ftp.log.Z,23164,Z
/cdiac/cdiac.ornl.gov/pub8old/oceans/Keeling_1957_1963/._Scripps CO2 Program - Seawater CO2.pdf,4096,pdf
/cdiac/cdiac.ornl.gov/pub8old/oceans/Miller_Freeman/MF1005_L1.csv,795004,csv
/cdiac/cdiac.ornl.gov/pub8old/__MACOSX/PACIFICAsource/._p13cb_hy1.csv,177,csv
/cdiac/cdiac.ornl.gov/pub8old/oceans/JADE89/README~,3142,
/cdiac/cdiac.ornl.gov/pub8old/oceans/JADE89/README,3142,
/cdiac/cdiac.ornl.gov/pub8old/oceans/JADE89/35MF19890730.exc.csv,290891,csv
/cdiac/cdiac.ornl.gov/pub8old/oceans/JADE89/._35MF19890730.exc.csv,4096,csv
/cdiac/cdiac.ornl.gov/pub8old/oceans/JADE89/JADE89.jpg,113036,jpg
/cdiac/cdiac.ornl.gov/pub8old/oceans/Irish_Sea/._POL_2008_09_pCO2_PML_20_01_2011.xls,4096,xls
/cdiac/cdiac.ornl.gov/pub8old/oceans/Keeling_1957_1963/Scripps CO2 Program - pCO2 Data Discussion.pdf,40659,pdf
/cdiac/cdiac.ornl.gov/pub8old/oceans/Miller_Freeman/README,461,
/cdiac/cdiac.ornl.gov/pub2/ndp026c/ship_195112_199712/SEP92O.Z,2801788,Z
/cdiac/cdiac.ornl.gov/pub4/LaSelva/1999-09/d99x_255.nrt.Z,2240,Z
/cdiac/cdiac.ornl.gov/pub8old/CdiacBundles/PANC/PANC20140427_bundle.zip,131518,zip
/cdiac/cdiac.ornl.gov/pub2/ndp026c/ship_195112_199712/SEP87O.Z,4169345,Z
/cdiac/cdiac.ornl.gov/pub4/LaSelva/2000-01/d32000.raw.Z,33168,Z
/cdiac/cdiac.ornl.gov/pub4/LaSelva/1999-09/d99x_251.nrt.Z,273,Z
/cdiac/cdiac.ornl.gov/pub2/ndp026c/ship_195112_199712/SEP82O.Z,3967367,Z
/cdiac/cdiac.ornl.gov/pub2/ndp026c/ship_195112_199712/SEP84O.Z,4258455,Z
/cdiac/cdiac.ornl.gov/pub8old/CdiacBundles/PAT5/PAT520110107_bundle.zip,919570,zip
/cdiac/cdiac.ornl.gov/pub8old/CdiacBundles/PANC/PANC20140714_bundle.zip,242805,zip
/cdiac/cdiac.ornl.gov/pub8old/oceans/Irish_Sea/._POL_2009_03_pCO2_PML_20_01_2011.xls,4096,xls
/cdiac/cdiac.ornl.gov/pub8old/oceans/Irish_Sea/._POL_2008_10_pCO2_PML_20_01_2011.xls,4096,xls
/cdiac/cdiac.ornl.gov/pub8old/__MACOSX/PACIFICAsource/._49SU20000817_hy1.csv,177,csv
/cdiac/cdiac.ornl.gov/pub8old/oceans/Irish_Sea/._POL_2008_12_pCO2_PML_20_01_2011.xls,4096,xls
/cdiac/cdiac.ornl.gov/pub8old/oceans/Irish_Sea/POL_2007_07_pCO2_PML_20_01_2011.xls,126464,xls
/cdiac/cdiac.ornl.gov/pub8old/oceans/Keeling_1957_1963/keeling_68.pdf,865277,pdf
/cdiac/cdiac.ornl.gov/pub8old/__MACOSX/PACIFICAsource/._p02e_2_hy1.csv,177,csv
/cdiac/cdiac.ornl.gov/pub8old/__MACOSX/PACIFICAsource/._49TA20010417_hy1.csv,177,csv
/cdiac/cdiac.ornl.gov/pub8old/oceans/Irish_Sea/POL_2007_11_pCO2_PML_20_01_2011.xls,82432,xls
/cdiac/cdiac.ornl.gov/pub8old/__MACOSX/PACIFICAsource/._p13j_hy1.csv,177,csv
/cdiac/cdiac.ornl.gov/pub4/LaSelva/2000-02/d461430.raw.Z,157101,Z
/cdiac/cdiac.ornl.gov/pub4/LaSelva/1999-09/d2661030.raw.Z,105619,Z
/cdiac/cdiac.ornl.gov/pub4/LaSelva/2000-02/d462130.raw.Z,119017,Z
/cdiac/cdiac.ornl.gov/pub4/LaSelva/2000-01/d261300.raw.Z,35687,Z
/cdiac/cdiac.ornl.gov/pub4/LaSelva/1999-09/d2660900.raw.Z,109591,Z
/cdiac/cdiac.ornl.gov/pub4/LaSelva/2000-01/d261530.raw.Z,93309,Z
/cdiac/cdiac.ornl.gov/pub4/LaSelva/2000-01/d261930.raw.Z,118567,Z
/cdiac/cdiac.ornl.gov/pub4/LaSelva/1999-11/d3310330.raw.Z,98845,Z
/cdiac/cdiac.ornl.gov/pub4/LaSelva/1999-11/d3302230.raw.Z,70297,Z
/cdiac/cdiac.ornl.gov/pub4/LaSelva/2000-02/d462030.raw.Z,121231,Z
/cdiac/cdiac.ornl.gov/pub8old/CdiacBundles/33GG/33GG20110414_bundle.zip,121644,zip
/cdiac/cdiac.ornl.gov/pub2/ndp026c/ship_195112_199712/JUN80O.Z,4443751,Z
/cdiac/cdiac.ornl.gov/pub2/ndp026c/ship_195112_199712/JUN78O.Z,2907525,Z
/cdiac/cdiac.ornl.gov/pub4/LaSelva/1999-11/d3320230.raw.Z,97319,Z
/cdiac/cdiac.ornl.gov/pub4/LaSelva/1999-09/d2671530.raw.Z,124467,Z
/cdiac/cdiac.ornl.gov/pub4/LaSelva/2000-02/d481000.raw.Z,149393,Z
/cdiac/cdiac.ornl.gov/pub4/LaSelva/1999-09/d2671330.raw.Z,135095,Z
/cdiac/cdiac.ornl.gov/pub4/LaSelva/2000-02/d480430.raw.Z,96695,Z
/cdiac/cdiac.ornl.gov/pub8old/CdiacBundles/26NA/26NA20141008_bundle.zip,41212,zip
/cdiac/cdiac.ornl.gov/pub8old/CdiacBundles/33GG/33GG20110913_bundle.zip,186504,zip
/cdiac/cdiac.ornl.gov/pub8old/oceans/Irish_Sea/._README,4096,_README
/cdiac/cdiac.ornl.gov/pub8old/__MACOSX/PACIFICAsource/._49TA19980418_hy1.csv,177,csv
/cdiac/cdiac.ornl.gov/pub8old/oceans/Irish_Sea/POL_2008_06_pCO2_PML_20_01_2011.xls,142848,xls
/cdiac/cdiac.ornl.gov/pub8old/__MACOSX/PACIFICAsource/._p02_2004a_PACIFICA_hy1.csv,177,csv
/cdiac/cdiac.ornl.gov/pub8old/__MACOSX/PACIFICAsource/._49WA20040924_hy1.csv,177,csv
/cdiac/cdiac.ornl.gov/pub8old/oceans/Irish_Sea/POL_2008_12_pCO2_PML_20_01_2011.xls,156672,xls
/cdiac/cdiac.ornl.gov/pub8old/__MACOSX/PACIFICAsource/._49WA19960516_hy1.csv,177,csv
/cdiac/cdiac.ornl.gov/pub8old/oceans/Irish_Sea/POL_2009_02_pCO2_PML_20_01_2011.xls,198144,xls
/cdiac/cdiac.ornl.gov/pub8old/oceans/Miller_Freeman/MF1005_L2.csv,1087800,csv
/cdiac/cdiac.ornl.gov/pub8old/__MACOSX/PACIFICAsource/._p16ap17a_hy1.csv,177,csv
/cdiac/cdiac.ornl.gov/pub4/LaSelva/2000-02/d542000.raw.Z,114791,Z
/cdiac/cdiac.ornl.gov/pub8old/CdiacBundles/PANC/PANC20140625_bundle.zip,139904,zip
/cdiac/cdiac.ornl.gov/pub4/LaSelva/1999-09/d99x_263.err.Z,1323,Z
/cdiac/cdiac.ornl.gov/pub2/ndp026c/ship_195112_199712/SEP97O.Z,2215843,Z
/cdiac/cdiac.ornl.gov/pub4/LaSelva/2000-01/d40730.raw.Z,35887,Z
/cdiac/cdiac.ornl.gov/pub2/ndp026c/ship_195112_199712/SEP96O.Z,2535946,Z
/cdiac/cdiac.ornl.gov/pub4/LaSelva/1999-09/d99x_273.flx.Z,181,Z
/cdiac/cdiac.ornl.gov/pub8old/SurfaceAlkalinityClimatology/gifs/SurfaceAlkalinityClimatology_7.gif,472175,gif
/cdiac/cdiac.ornl.gov/pub4/LaSelva/2000-01/d32200.raw.Z,34453,Z
/cdiac/cdiac.ornl.gov/pub4/LaSelva/2000-02/d542100.raw.Z,116995,Z
/cdiac/cdiac.ornl.gov/pub4/LaSelva/2000-01/d271730.raw.Z,110455,Z
/cdiac/cdiac.ornl.gov/pub8old/CdiacBundles/33HH/33HH20140516_bundle.zip,208872,zip
/cdiac/cdiac.ornl.gov/pub8old/CdiacBundles/33GG/33GG20150822_bundle.zip,359200,zip
/cdiac/cdiac.ornl.gov/pub4/LaSelva/2000-01/d271630.raw.Z,107097,Z
/cdiac/cdiac.ornl.gov/pub4/LaSelva/1999-11/d3320430.raw.Z,99569,Z
/cdiac/cdiac.ornl.gov/pub4/LaSelva/1999-09/d2671630.raw.Z,106453,Z
/cdiac/cdiac.ornl.gov/pub4/LaSelva/1999-11/d3320900.raw.Z,134523,Z
/cdiac/cdiac.ornl.gov/pub4/LaSelva/2000-02/d480400.raw.Z,112771,Z
/cdiac/cdiac.ornl.gov/pub4/LaSelva/2000-01/d271800.raw.Z,128585,Z
/cdiac/cdiac.ornl.gov/pub8old/CdiacBundles/33GG/33GG20140215_bundle.zip,133145,zip
/cdiac/cdiac.ornl.gov/pub8old/CdiacBundles/PANC/PANC20150416_bundle.zip,172096,zip
/cdiac/cdiac.ornl.gov/pub4/LaSelva/2000-02/d551200.raw.Z,153672,Z
/cdiac/cdiac.ornl.gov/pub4/LaSelva/2000-01/d32300.raw.Z,30251,Z
/cdiac/cdiac.ornl.gov/pub8old/CdiacBundles/PANC/PANC20140528_bundle.zip,126185,zip
/cdiac/cdiac.ornl.gov/pub4/LaSelva/2000-01/d41730.raw.Z,110337,Z
/cdiac/cdiac.ornl.gov/pub8old/SurfaceAlkalinityClimatology/gifs/SurfaceAlkalinityClimatology_4.gif,468824,gif
/cdiac/cdiac.ornl.gov/pub4/LaSelva/2000-01/d41330.raw.Z,41698,Z
/cdiac/cdiac.ornl.gov/pub8old/CdiacBundles/PANC/PANC20150504_bundle.zip,161610,zip
/cdiac/cdiac.ornl.gov/pub4/LaSelva/2000-01/d41000.raw.Z,39242,Z
/cdiac/cdiac.ornl.gov/pub4/LaSelva/2000-02/d551030.raw.Z,156674,Z
/cdiac/cdiac.ornl.gov/pub8old/__MACOSX/PACIFICAsource/._p11a_PACIFICA_hy1.csv,177,csv
/cdiac/cdiac.ornl.gov/pub8old/__MACOSX/PACIFICAsource/._p15na_PACIFICA_hy1.csv,177,csv
/cdiac/cdiac.ornl.gov/pub8old/__MACOSX/PACIFICAsource/._p16c_hy1.csv,177,csv
/cdiac/cdiac.ornl.gov/pub8old/oceans/Miller_Freeman/MF1006.csv,1609291,csv
/cdiac/cdiac.ornl.gov/pub8old/oceans/Met55/README~,349,
/cdiac/cdiac.ornl.gov/pub8old/oceans/Met55/M55_pCO2.zip,396915,zip
/cdiac/cdiac.ornl.gov/pub8old/oceans/Met55/06MT20021013_pCO2_metadata.rtf,20438,rtf
/cdiac/cdiac.ornl.gov/pub8old/oceans/Met55/README,349,
/cdiac/cdiac.ornl.gov/pub8old/oceans/Met55/06MT20021013_pCO2sea_data.txt,2188697,txt
/cdiac/cdiac.ornl.gov/pub8old/oceans/Met55/06MT20021013_pCO2atm_data.txt,61116,txt
/cdiac/cdiac.ornl.gov/pub8old/oceans/Miller_Freeman/MF0903_L3.csv,1017188,csv
/cdiac/cdiac.ornl.gov/pub8old/oceans/NOAA_CMDL_1994_2004.data/BLASTIII_water_data.prn,144974,prn
/cdiac/cdiac.ornl.gov/pub8old/oceans/SOCATv4/._SOCATv4_Indian.zip,4096,zip
/cdiac/cdiac.ornl.gov/pub8old/oceans/NDP_094/._NDP_094.pdf,4096,pdf
/cdiac/cdiac.ornl.gov/pub8old/oceans/NDP_094/TALK_TCO2_pCO2_GLOB_Grid_Dat.nc,5020666,nc
/cdiac/cdiac.ornl.gov/pub8old/oceans/NDP_094/README,3850,
/cdiac/cdiac.ornl.gov/pub8old/oceans/NDP_094/._Original_obs_data.csv,4096,csv
/cdiac/cdiac.ornl.gov/pub8old/oceans/NDP_094/._README,4096,_README
/cdiac/cdiac.ornl.gov/pub8old/oceans/NDP_094/Original_obs_data.csv,1926435,csv
/cdiac/cdiac.ornl.gov/pub8old/oceans/NDP_094/._TALK_TCO2_pCO2_GLOB_Grid_Dat.nc,4096,nc
/cdiac/cdiac.ornl.gov/pub8old/oceans/NDP_094/._TALK_TCO2_pCO2_GLOB_Grid_Dat.csv,4096,csv
/cdiac/cdiac.ornl.gov/pub8old/oceans/NDP_094/TALK_TCO2_pCO2_GLOB_Grid_Dat.csv,2420996,csv
/cdiac/cdiac.ornl.gov/pub8old/oceans/NDP_094/NDP_094.pdf,9166317,pdf
/cdiac/cdiac.ornl.gov/pub8old/oceans/NOAA_CMDL_1994_2004.data/GasEx98_met_data.prn,248969,prn
/cdiac/cdiac.ornl.gov/pub8old/oceans/Miller_Freeman/MF1001_L2.csv,1084262,csv
/cdiac/cdiac.ornl.gov/pub8old/oceans/SOCATv2/._SOCATv2_TropicalPacific.zip,4096,zip
/cdiac/cdiac.ornl.gov/pub8old/oceans/Rockall_Trough/45CE20090206.exc.csv,33849,csv
/cdiac/cdiac.ornl.gov/pub8old/oceans/SOCATv1.5/README,4639,
/cdiac/cdiac.ornl.gov/pub8old/oceans/SAB_data/pCO2_SAB_200510.csv,892905,csv
/cdiac/cdiac.ornl.gov/pub8old/oceans/NOAA_CMDL_1994_2004.data/RB9906_water_data.prn,126307,prn
/cdiac/cdiac.ornl.gov/pub8old/oceans/NOAA_CMDL_1994_2004.data/BLASTI_airwatermet.xls,390656,xls
/cdiac/cdiac.ornl.gov/pub8old/oceans/OACES91_A16S/OACES91_LEG2_underw_data.CSV,50186,CSV
/cdiac/cdiac.ornl.gov/pub8old/oceans/NOAA_CMDL_1994_2004.data/RB9906_airwatermet.xls,632320,xls
/cdiac/cdiac.ornl.gov/pub8old/oceans/SOCATv4/._SOCATv4_Arctic.zip,4096,zip
/cdiac/cdiac.ornl.gov/pub4/LaSelva/1999-11/d3320630.raw.Z,114215,Z
/cdiac/cdiac.ornl.gov/pub8old/CdiacBundles/33KF/33KF20140619_bundle.zip,207040,zip
/cdiac/cdiac.ornl.gov/pub8old/CdiacBundles/33KF/33KF20130711_bundle.zip,207786,zip
/cdiac/cdiac.ornl.gov/pub8old/CdiacBundles/33HH/33HH20140923_bundle.zip,252973,zip
/cdiac/cdiac.ornl.gov/pub4/LaSelva/2000-01/d271930.raw.Z,107531,Z
/cdiac/cdiac.ornl.gov/pub8old/CdiacBundles/33GG/33GG20141031_bundle.zip,366587,zip
/cdiac/cdiac.ornl.gov/pub2/ndp026c/ship_195112_199712/MAR53O.Z,1798542,Z
/cdiac/cdiac.ornl.gov/pub8old/CdiacBundles/33GG/33GG20140311_bundle.zip,412851,zip
/cdiac/cdiac.ornl.gov/pub2/ndp026c/ship_195112_199712/MAR63O.Z,2360031,Z
/cdiac/cdiac.ornl.gov/pub4/LaSelva/2000-02/d481600.raw.Z,139215,Z
/cdiac/cdiac.ornl.gov/pub8old/SurfaceAlkalinityClimatology/gifs/SurfaceAlkalinityClimatology_11.gif,474856,gif
/cdiac/cdiac.ornl.gov/pub4/LaSelva/2000-01/d51300.raw.Z,62099,Z
